condition,prompt_id,cot_label,num_tokens,l18_mean,l18_median,l18_topk_mean,l18_trimmed_mean
asthma,1,A_var1,206,0.017322947678056734,0.0,0.11628926595052083,0.001033461237528238
asthma,2,A_var2,203,0.010893422394550493,0.0,0.08460693359375,-0.0011244697804831288
asthma,3,A_var3,199,0.05988683652638191,0.03857421875,0.260595703125,0.031146884704968944
asthma,4,A_var4,209,0.017531545538651317,0.0,0.12335408528645833,0.0015307544956545858
asthma,5,A_var5,204,0.0378717160692402,0.0,0.27215169270833334,0.007069657488567073
asthma,6,A_var6,201,0.015249072022699005,0.0,0.1227294921875,0.0014125279017857143
asthma,7,A_var7,206,0.01772537972163228,0.0,0.10461018880208334,0.00440114951995482
asthma,8,A_var8,205,0.04366365758384146,0.022216796875,0.19016927083333332,0.023270300662878787
asthma,9,A_var9,208,0.038923997145432696,0.02685546875,0.20379231770833334,0.015912737165178572
asthma,10,A_var10,209,0.03733599357057416,0.0,0.205908203125,0.013498520710059171
asthma,11,C_var1,198,0.028622405697601012,0.01422119140625,0.11922200520833333,0.01563873291015625
asthma,12,C_var2,201,0.02613701511971393,0.0,0.16995849609375,0.006921614178959627
asthma,13,C_var3,200,0.034927978515625,0.0,0.25556640625,0.00738067626953125
asthma,14,C_var4,200,0.00856201171875,-0.023193359375,0.14521484375,-0.0111236572265625
asthma,15,C_var5,197,0.04699273278870558,0.0,0.20856119791666666,0.028123771619496855
asthma,16,C_var6,200,-0.01816650390625,-0.0419921875,0.13717447916666667,-0.037249755859375
asthma,17,C_var7,203,0.023859634775246306,0.0,0.21881510416666666,3.5947085889570555e-05
asthma,18,C_var8,200,0.030712890625,0.0,0.17455240885416667,0.01008758544921875
asthma,19,C_var9,206,0.045901696658828886,0.04296875,0.16744791666666667,0.03137905626411898
asthma,20,C_var10,200,0.05373046875,0.03466796875,0.21927083333333333,0.0319061279296875
depression,1,A_var1,206,0.006226437763103004,-0.000553131103515625,0.04510943094889323,-0.00027918528361492846
depression,2,A_var2,203,0.004824821584917641,0.00089263916015625,0.03048884073893229,0.0005132289020561733
depression,3,A_var3,199,0.008252781240185301,-0.001861572265625,0.06528116861979166,-0.0014113906007375777
depression,4,A_var4,209,0.004571284974020634,0.0004749298095703125,0.02905120849609375,0.0005786602313701923
depression,5,A_var5,204,0.0291134703393076,0.01422119140625,0.15372111002604166,0.0096588134765625
depression,6,A_var6,201,0.010560144832478234,0.0,0.05867919921875,0.003125682380628882
depression,7,A_var7,206,0.0056014570217688105,0.0,0.03913065592447917,0.0002831148814006024
depression,8,A_var8,205,0.006897270388719512,0.0,0.046991729736328126,0.0004555442116477273
depression,9,A_var9,208,0.0037517914405235876,0.0003204345703125,0.02457402547200521,0.0003045399983723958
depression,10,A_var10,209,0.008937123859898326,0.00274658203125,0.0440185546875,0.0035797660872781065
depression,11,C_var1,198,0.007673013089883207,0.002105712890625,0.04394124348958333,0.0016504287719726562
depression,12,C_var2,201,0.012793393870491294,0.00482177734375,0.07296956380208333,0.0032875582298136645
depression,13,C_var3,200,0.008422088623046876,0.0,0.06924235026041667,-0.0013078689575195313
depression,14,C_var4,200,0.013221359252929688,0.0037689208984375,0.07078450520833333,0.003955268859863281
depression,15,C_var5,197,0.020215339467005076,0.0,0.099462890625,0.008795204402515723
depression,16,C_var6,200,0.00617828369140625,0.0,0.048716227213541664,-0.000421142578125
depression,17,C_var7,203,0.01252182833666872,0.0,0.08740946451822916,0.0011907472200920245
depression,18,C_var8,200,0.004886379241943359,0.0003204345703125,0.030670928955078124,0.0004530429840087891
depression,19,C_var9,206,0.008557662223149272,0.0,0.054484049479166664,0.002110492752259036
depression,20,C_var10,200,0.009142303466796875,0.0023651123046875,0.05441487630208333,0.0017124176025390624
multiple_sclerosis,1,A_var1,208,0.0002791984723164485,0.0,0.0019309679667154948,2.3018746148972285e-06
multiple_sclerosis,2,A_var2,205,0.0005868865222465701,8.392333984375e-05,0.003638966878255208,7.883707682291667e-05
multiple_sclerosis,3,A_var3,202,0.0037205667778997136,0.0,0.02606029510498047,-8.551279703776042e-05
multiple_sclerosis,4,A_var4,212,0.0007986842461352078,0.0,0.005528640747070312,3.234638887293198e-05
multiple_sclerosis,5,A_var5,207,0.0022615257668610355,0.0,0.01586736043294271,-1.5235946563903443e-05
multiple_sclerosis,6,A_var6,203,0.004712785993303571,0.002105712890625,0.026833089192708333,0.0012650753091449387
multiple_sclerosis,7,A_var7,209,0.0004102533513849432,5.14984130859375e-05,0.002633349100748698,4.972649749214127e-05
multiple_sclerosis,8,A_var8,208,0.0010772301600529598,0.0,0.007899220784505208,-4.087175641741071e-05
multiple_sclerosis,9,A_var9,211,0.0014831036752999112,-0.0001983642578125,0.01138458251953125,-0.00012125771426590237
multiple_sclerosis,10,A_var10,212,0.0018369206842386498,0.0003204345703125,0.011648305257161458,0.0002900965073529412
multiple_sclerosis,11,C_var1,201,0.0019842688717059236,0.000118255615234375,0.012857182820638021,0.00010700107361218944
multiple_sclerosis,12,C_var2,204,0.0023371565575693166,0.0,0.016054280598958335,3.163407488567073e-05
multiple_sclerosis,13,C_var3,203,0.0028796172494371538,0.0,0.01935857137044271,4.292119500095859e-05
multiple_sclerosis,14,C_var4,203,0.0026185265902815193,5.7220458984375e-05,0.017509841918945314,5.16037268141296e-05
multiple_sclerosis,15,C_var5,200,0.00635650634765625,0.0,0.056341552734375,-0.0016155242919921875
multiple_sclerosis,16,C_var6,203,0.0025111607142857145,0.0,0.017645263671875,-3.327913810870399e-05
multiple_sclerosis,17,C_var7,206,0.003320703228700508,0.0,0.022620391845703126,0.00015477100050592996
multiple_sclerosis,18,C_var8,203,0.0017433236972451797,-2.384185791015625e-05,0.011994330088297527,-2.7001269755919287e-05
multiple_sclerosis,19,C_var9,209,0.003609018462696714,0.0,0.029553985595703124,-0.0004728136683356832
multiple_sclerosis,20,C_var10,203,0.0018710526339526248,-5.14984130859375e-05,0.012862650553385417,-2.034895259178489e-05
rheumatoid_arthritis,1,A_var1,212,0.00012260338045516105,6.67572021484375e-06,0.0008364200592041015,6.193273207720588e-06
rheumatoid_arthritis,2,A_var2,209,0.00031770587537847635,0.0,0.0023822784423828125,-1.6206820335613905e-05
rheumatoid_arthritis,3,A_var3,208,0.00035544542165902944,0.0,0.0023288726806640625,4.021326700846354e-05
rheumatoid_arthritis,4,A_var4,218,0.000446192715146126,0.0,0.0032138824462890625,1.2191859158602627e-05
rheumatoid_arthritis,5,A_var5,213,0.0010125424380593457,0.0,0.006916427612304687,7.198846828170687e-05
rheumatoid_arthritis,6,A_var6,207,0.005372273173309179,0.0,0.05262044270833333,-0.001233129444236527
rheumatoid_arthritis,7,A_var7,215,0.00023795726687409158,0.0,0.0018149693806966147,-1.047387977555997e-05
rheumatoid_arthritis,8,A_var8,214,0.00039591744681385075,0.0,0.002808380126953125,1.3806099115416061e-05
rheumatoid_arthritis,9,A_var9,217,0.000690389888077837,0.0,0.005017979939778646,2.389090401785714e-05
rheumatoid_arthritis,10,A_var10,218,0.0005861334844466744,0.0,0.004040145874023437,5.696036598899148e-05
rheumatoid_arthritis,11,C_var1,207,0.00023034920439052122,0.0,0.001560211181640625,8.348933237041543e-06
rheumatoid_arthritis,12,C_var2,210,0.0001659075419108073,2.09808349609375e-05,0.0010327021280924478,2.6958329336983816e-05
rheumatoid_arthritis,13,C_var3,209,9.170103301271868e-05,0.0,0.000640869140625,2.9089888172036797e-06
rheumatoid_arthritis,14,C_var4,209,0.00016091771102978283,0.0,0.00110931396484375,5.084382006402552e-06
rheumatoid_arthritis,15,C_var5,206,0.006933341905908677,0.00274658203125,0.04101155598958333,0.0018159797392695784
rheumatoid_arthritis,16,C_var6,209,0.0010017322010971142,0.0,0.0070874532063802086,1.3746453460151627e-05
rheumatoid_arthritis,17,C_var7,212,0.00026109533489875075,2.765655517578125e-05,0.0017541885375976563,2.1625967586741727e-05
rheumatoid_arthritis,18,C_var8,209,5.843821895179566e-06,0.0,3.802180290222168e-05,6.789286461102187e-07
rheumatoid_arthritis,19,C_var9,215,0.0015429829442223837,0.0,0.013993581136067709,-0.00030879202605671967
rheumatoid_arthritis,20,C_var10,209,5.525379089647503e-05,-6.67572021484375e-06,0.00043047269185384114,-5.880051110623151e-06
sarcoidosis,1,A_var1,210,0.0038732437860398063,0.0,0.02771752675374349,-2.841722397577195e-05
sarcoidosis,2,A_var2,207,0.0035439827591900665,0.0,0.025369008382161457,2.179174366111527e-05
sarcoidosis,3,A_var3,205,0.0049323849561737805,-0.002105712890625,0.04427490234375,-0.0013130881569602272
sarcoidosis,4,A_var4,215,0.004670738619427349,0.0,0.033880996704101565,0.0001027391136037132
sarcoidosis,5,A_var5,210,0.007088833763485863,0.0,0.04939066569010417,0.0004851477486746652
sarcoidosis,6,A_var6,205,0.00925289247094131,0.003509521484375,0.04712117513020833,0.0034599073005445076
sarcoidosis,7,A_var7,212,0.0037567930401496167,0.000797271728515625,0.024150339762369792,0.0005434597239774816
sarcoidosis,8,A_var8,211,0.004546866032749556,0.0,0.031660970052083334,0.00035208075709596893
sarcoidosis,9,A_var9,214,0.005242499235634492,0.0,0.04211578369140625,-0.0005215046017668968
sarcoidosis,10,A_var10,215,0.003568782362827035,-0.00274658203125,0.03915964762369792,-0.0016232529127528901
sarcoidosis,11,C_var1,204,0.004560564078536688,0.0,0.030335235595703124,0.00030652488150247715
sarcoidosis,12,C_var2,207,0.006898520649343297,0.00160980224609375,0.041424560546875,0.0014365190517402694
sarcoidosis,13,C_var3,206,0.005961263064041878,0.0,0.042115275065104166,7.225231951977834e-05
sarcoidosis,14,C_var4,206,0.004710558548714351,0.0003681182861328125,0.031296030680338545,0.00027424456125282377
sarcoidosis,15,C_var5,203,0.015893532137565426,0.0089111328125,0.07953287760416666,0.006586975846553873
sarcoidosis,16,C_var6,206,0.0034678190657236045,0.0,0.025040308634440105,-6.868753088525979e-05
sarcoidosis,17,C_var7,209,0.010162353515625,0.0,0.06697794596354166,0.0015336437338202662
sarcoidosis,18,C_var8,206,0.0033897473974135316,0.0001983642578125,0.0226898193359375,0.00016150417098079818
sarcoidosis,19,C_var9,212,0.00902287465221477,0.004302978515625,0.04690755208333333,0.003537099501665901
sarcoidosis,20,C_var10,206,0.00397519231999962,0.0,0.027621714274088542,0.00013231943888836596
