layer,._153,presentation_152,patient_151,final_150,the_149,Produce_148,:_147,4_146,_145,Step_144,._143,condition_142,the_141,with_140,line_139
0,0.9981954887,1,0.8351879699,1,0.9909774436,1,0.9031578947,0.9993984962,0.9903759398,0.9963909774,0.9939849624,1,0.9723308271,0.9837593985,1
1,0.9903759398,1,0.9314285714,0.9993984962,0.937443609,1,0.9681203008,0.9981954887,0.9987969925,0.997593985,0.9987969925,1,0.9819548872,0.9981954887,1
2,0.9729323308,0.9993984962,0.9458646617,0.9945864662,0.9452631579,0.9969924812,0.9837593985,0.9993984962,0.9993984962,0.997593985,0.9981954887,1,0.9915789474,0.997593985,0.9993984962
3,0.9981954887,1,0.982556391,0.9873684211,0.9530827068,0.984962406,0.9969924812,0.9981954887,0.9993984962,0.9993984962,0.9993984962,1,0.9879699248,0.9963909774,0.9993984962
4,0.9981954887,0.9993984962,0.9831578947,0.9879699248,0.9356390977,0.8682706767,0.9987969925,0.997593985,0.9993984962,0.9993984962,0.9993984962,1,0.9939849624,0.9981954887,0.9993984962
5,0.9410526316,0.9987969925,0.7876691729,0.8393984962,0.7034586466,0.4171428571,0.9963909774,0.9987969925,0.9993984962,0.9987969925,0.9963909774,1,0.9789473684,0.9951879699,0.9993984962
6,0.9645112782,0.9933834586,0.6896240602,0.6745864662,0.5903759398,0.4881203008,0.9771428571,0.9993984962,0.9987969925,0.9981954887,0.9969924812,1,0.9969924812,0.9981954887,0.9993984962
7,0.9873684211,0.9933834586,0.7960902256,0.8237593985,0.7106766917,0.565112782,0.9717293233,0.9993984962,0.9981954887,0.9969924812,0.9951879699,1,0.997593985,0.9981954887,0.9993984962
8,0.997593985,0.9927819549,0.8544360902,0.9097744361,0.8393984962,0.7010526316,0.984962406,0.9993984962,0.9987969925,0.9981954887,0.997593985,1,0.9981954887,0.9987969925,0.9993984962
9,0.997593985,0.9915789474,0.7714285714,0.8676691729,0.7768421053,0.6078195489,0.9813533835,0.9993984962,0.9987969925,0.9981954887,0.9969924812,1,0.9981954887,0.9987969925,0.9993984962
10,0.9771428571,0.9945864662,0.9001503759,0.9566917293,0.8959398496,0.8694736842,0.9933834586,0.9993984962,0.9987969925,0.9987969925,0.9981954887,0.9993984962,0.9987969925,0.9981954887,0.9987969925
11,0.9536842105,0.9951879699,0.9103759398,0.9831578947,0.9693233083,0.9765413534,0.9981954887,0.9993984962,0.9993984962,0.9987969925,0.9993984962,0.9993984962,0.9987969925,0.9993984962,0.9993984962
12,0.9681203008,0.9969924812,0.9621052632,0.9951879699,0.9891729323,0.9957894737,0.9993984962,0.9993984962,0.9993984962,0.9987969925,0.9993984962,0.9993984962,0.9993984962,0.9993984962,0.9993984962
13,0.9951879699,0.9981954887,0.9963909774,0.9987969925,0.9987969925,0.9993984962,0.9993984962,0.9993984962,0.9993984962,0.9993984962,0.9993984962,1,0.9993984962,0.9993984962,0.9993984962
14,0.965112782,0.9951879699,0.9873684211,0.997593985,0.9969924812,0.9981954887,0.9987969925,0.9987969925,0.9987969925,0.9987969925,0.9987969925,0.9993984962,0.9993984962,0.9993984962,0.9993984962
15,0.9987969925,0.9987969925,0.9987969925,0.9993984962,0.9993984962,0.9993984962,0.9993984962,0.9993984962,0.9993984962,0.9993984962,0.9993984962,0.9993984962,0.9993984962,0.9993984962,0.9993984962
16,0.9987969925,0.9987969925,0.9987969925,0.9987969925,0.9993984962,0.9993984962,0.9993984962,0.9993984962,0.9993984962,0.9993984962,0.9993984962,0.9993984962,0.9993984962,0.9993984962,0.9993984962
17,0.9987969925,0.9987969925,0.9987969925,0.9987969925,0.9987969925,0.9993984962,0.9993984962,0.9993984962,0.9993984962,0.9993984962,0.9993984962,0.9993984962,0.9993984962,0.9993984962,0.9993984962
18,0.9993984962,0.9993984962,0.9987969925,0.9993984962,0.9993984962,0.9993984962,0.9993984962,0.9993984962,0.9993984962,0.9993984962,0.9993984962,0.9993984962,0.9993984962,0.9993984962,0.9993984962
19,0.9927819549,0.9933834586,0.9939849624,0.9945864662,0.9945864662,0.9945864662,0.9945864662,0.9933834586,0.9951879699,0.9945864662,0.9951879699,0.9951879699,0.9951879699,0.9957894737,0.9957894737
20,0.935037594,0.9422556391,0.9368421053,0.9428571429,0.9446616541,0.9476691729,0.9446616541,0.9356390977,0.954887218,0.9404511278,0.9464661654,0.9446616541,0.952481203,0.9572932331,0.9639097744
21,0.9759398496,0.9771428571,0.9789473684,0.9783458647,0.9777443609,0.9765413534,0.9765413534,0.9765413534,0.982556391,0.9807518797,0.9819548872,0.9831578947,0.9831578947,0.982556391,0.9819548872
22,-0.04240601504,-0.03984962406,-0.03744360902,-0.04,-0.04240601504,-0.04496240602,-0.04,-0.04240601504,-0.03488721805,-0.03488721805,-0.03744360902,-0.03729323308,-0.03984962406,-0.03729323308,-0.03744360902
23,-0.02210526316,-0.02210526316,-0.02481203008,-0.02481203008,-0.02481203008,-0.03007518797,-0.03007518797,-0.02481203008,-0.02481203008,-0.02466165414,-0.02466165414,-0.02195488722,-0.0192481203,-0.02195488722,-0.02466165414
24,-0.01112781955,-0.01398496241,-0.01398496241,-0.01684210526,-0.01398496241,-0.01684210526,-0.01413533835,-0.01127819549,-0.01398496241,-0.01398496241,-0.008421052632,-0.01112781955,-0.008421052632,-0.01127819549,-0.01127819549
25,0.01533834586,0.01233082707,0.01248120301,0.0154887218,0.01233082707,0.0154887218,0.01533834586,0.01233082707,0.01533834586,0.01233082707,0.01533834586,0.01533834586,0.01533834586,0.01533834586,0.01233082707
26,0.01533834586,0.01233082707,0.0184962406,0.0184962406,0.0215037594,0.01533834586,0.01533834586,0.01533834586,0.0184962406,0.01533834586,0.01533834586,0.0184962406,0.0184962406,0.0184962406,0.01533834586
27,0,0,0,0,0,0,0,0,0,0,0,0,0,0,0
