cohort,score_key,layer,condition_token_mean,condition_token_max,full_token_max,full_token_topk_mean,full_token_mean,num_units
asthma,rewrite_scores,0,0.9143145161290323,0.9143145161290323,0.9998739919354839,0.9987231182795699,0.6479065462101622,31
asthma,rewrite_scores,1,0.02462436306861139,0.02462436306861139,0.10744205597908266,0.03365289831674227,0.005575521839333711,31
asthma,rewrite_scores,2,0.8988155241935484,0.8988155241935484,0.9998739919354839,0.6151554230720767,0.18544366492343717,31
asthma,rewrite_scores,3,-0.001209074451077369,-0.001209074451077369,0.17617059523059475,0.039741384854880706,0.0005781750874144961,31
asthma,rewrite_scores,4,0.12137308428364416,0.12137308428364416,0.18229626071068547,0.055285874233450945,0.011376607708753907,31
asthma,rewrite_scores,5,0.007172307660502772,0.007172307660502772,0.06824321131552419,0.026239444363501768,0.0011447689999961154,31
asthma,rewrite_scores,6,0.23602934806577622,0.23602934806577622,0.3287747290826613,0.08000224533901419,0.018875549174882444,31
asthma,rewrite_scores,7,0.43391664566532256,0.43391664566532256,0.7337508663054435,0.13391795824932798,0.03569834326711167,31
asthma,rewrite_scores,8,0.11085165700604839,0.11085165700604839,0.1900969474546371,0.04950226814516129,0.010065078041633894,31
asthma,rewrite_scores,9,-0.008617770287298387,-0.008617770287298387,0.12451171875,0.03266633966917634,0.0009521149311072177,31
asthma,rewrite_scores,10,0.07008854035408266,0.07008854035408266,0.17129910376764113,0.047783642430459315,0.011156666708549595,31
asthma,rewrite_scores,11,0.02743708702825731,0.02743708702825731,0.0909817603326613,0.032909095928233156,0.004873046558916395,31
asthma,rewrite_scores,12,0.2063263923891129,0.2063263923891129,0.28088575793850806,0.07240207220918388,0.018091010050006847,31
asthma,rewrite_scores,13,0.12457533805601058,0.12457533805601058,0.16903784967237903,0.04375671058572749,0.010842011784307982,31
asthma,rewrite_scores,14,0.10237564579133064,0.10237564579133064,0.20923048450100806,0.06264027831374958,0.018192138378035023,31
asthma,rewrite_scores,15,0.07181475239415322,0.07181475239415322,0.17831224010836694,0.04469596493628717,0.010921988607408473,31
asthma,rewrite_scores,16,0.016393630735335812,0.016393630735335812,0.07476043701171875,0.01998793848099247,-0.0007219241284614291,31
asthma,rewrite_scores,17,0.14011752220892137,0.14011752220892137,0.44029974168346775,0.06572364478982903,0.015811133689647577,31
asthma,rewrite_scores,18,0.8330550655241935,0.8330550655241935,0.8916960685483871,0.23869881578671037,0.07493115607957614,31
asthma,rewrite_scores,19,0.6670630670362904,0.6670630670362904,0.8308971774193549,0.15803229219170023,0.04923233667325338,31
asthma,rewrite_scores,20,-0.07324735579952117,-0.07324735579952117,0.4732705393145161,0.03934707641601562,-0.0007621805337271632,31
asthma,rewrite_scores,21,0.16211035943800403,0.16211035943800403,0.5797946068548387,0.06649709311864709,0.017603252319937156,31
asthma,rewrite_scores,22,-0.005252945807672316,-0.005252945807672316,0.02257230204920615,0.008228252780052922,-0.0021876282528621137,31
asthma,rewrite_scores,23,0.0027146647053380166,0.0027146647053380166,0.02143589142830141,0.007921397301458544,0.00021362364060819664,31
asthma,rewrite_scores,24,0.0030952884304908013,0.0030952884304908013,0.056658590993573586,0.00943885003366778,0.0024405710009438386,31
asthma,rewrite_scores,25,0.00526986583586662,0.00526986583586662,0.009915521067957725,0.005576849496492777,-4.656193511014589e-05,31
asthma,rewrite_scores,26,0.0018227792555286038,0.0018227792555286038,0.12768160912298387,0.013636284489785475,0.0027186524916022327,31
asthma,rewrite_scores,27,0.0,0.0,0.11152501260080645,0.007435000840053764,0.0014112119785918596,31
depression,rewrite_scores,0,0.9313256048387096,0.9313256048387096,1.0,0.9975638440860214,0.6074509367652212,31
depression,rewrite_scores,1,0.0053316758524987,0.0053316758524987,0.030066290209370274,0.009002858208071804,0.0022199267629570297,31
depression,rewrite_scores,2,0.7039105815272177,0.7039105815272177,1.0,0.48301499787197316,0.14409223034311078,31
depression,rewrite_scores,3,0.00012552738189697266,0.00012552738189697266,0.08146705935078283,0.011802391852101971,0.0010764629567469842,31
depression,rewrite_scores,4,0.006028538750063988,0.006028538750063988,0.04418206983996976,0.01115836238348356,0.002379158318196089,31
depression,rewrite_scores,5,0.010217983876505205,0.010217983876505205,0.021082082102375645,0.008059803388452016,0.0017579311794520696,31
depression,rewrite_scores,6,0.004839916383066485,0.004839916383066485,0.07459077527446131,0.01871041610676755,0.004711821843821901,31
depression,rewrite_scores,7,0.09935588221396169,0.09935588221396169,0.36327337449596775,0.04659051510595506,0.012412256145928318,31
depression,rewrite_scores,8,0.0005757501048426475,0.0005757501048426475,0.0311252647830594,0.009704912093377885,0.0013668871086356762,31
depression,rewrite_scores,9,0.008020285637147965,0.008020285637147965,0.030744533384999922,0.008152818807991603,0.0009001538603405735,31
depression,rewrite_scores,10,0.012453202278383316,0.012453202278383316,0.041845767728744016,0.011825058408962787,0.0029657261862130082,31
depression,rewrite_scores,11,0.01349511069636191,0.01349511069636191,0.020871673860857563,0.008250909851443382,0.0010388126556334536,31
depression,rewrite_scores,12,0.032488026926594395,0.032488026926594395,0.061371849429222844,0.013816623790289766,0.0031527416037378997,31
depression,rewrite_scores,13,0.013416294128664078,0.013416294128664078,0.031221309015827793,0.00914016128868185,0.002611103120740668,31
depression,rewrite_scores,14,0.0025344817869124873,0.0025344817869124873,0.06790914843159337,0.014633671058121547,0.004307536708483284,31
depression,rewrite_scores,15,0.0008813700368327479,0.0008813700368327479,0.03403225252705236,0.008281559713425172,0.0018835376703635698,31
depression,rewrite_scores,16,-0.0020397113215538764,-0.0020397113215538764,0.019145704084827055,0.0045086777338417625,0.0002747058779493518,31
depression,rewrite_scores,17,0.00989700613483306,0.00989700613483306,0.16516519361926663,0.017109208209540254,0.0047288711434860485,31
depression,rewrite_scores,18,0.5594221545803931,0.5594221545803931,0.6738419071320565,0.11435109581998598,0.034971002790340905,31
depression,rewrite_scores,19,0.1198325926257718,0.1198325926257718,0.37572454637096775,0.051615156794107074,0.015978306446968637,31
depression,rewrite_scores,20,-0.006235618745127032,-0.006235618745127032,0.10810605941280242,0.009259498632082374,0.0013090284100017414,31
depression,rewrite_scores,21,0.019794437193101453,0.019794437193101453,0.37174151020665325,0.030849936572454308,0.009174413136519961,31
depression,rewrite_scores,22,-0.0010500261860509072,-0.0010500261860509072,0.005913257598876953,0.0018815049561121133,2.8812459492653177e-05,31
depression,rewrite_scores,23,0.00031461061969880133,0.00031461061969880133,0.01035155019452495,0.002160865645254812,0.0006352785675706175,31
depression,rewrite_scores,24,0.0011093770304033833,0.0011093770304033833,0.020419305370699976,0.0027622713837572323,0.0009067169814976189,31
depression,rewrite_scores,25,-4.722226050592238e-05,-4.722226050592238e-05,0.003377145336520287,0.0014667171303943923,0.0002245651960318554,31
depression,rewrite_scores,26,-0.00019996396956905243,-0.00019996396956905243,0.055910910329511086,0.004861056291928855,0.0012083333814112863,31
depression,rewrite_scores,27,0.0,0.0,0.043708309050529234,0.0029138872700352823,0.0008678244471683128,31
multiple_sclerosis,rewrite_scores,0,0.8792990407636089,0.8792990407636089,1.0,0.992002688172043,0.5350807390548709,31
multiple_sclerosis,rewrite_scores,1,0.0026640238300446543,0.0026640238300446543,0.00685882520291113,0.0025457126799450125,0.0008129005950809219,31
multiple_sclerosis,rewrite_scores,2,0.007211825059306237,0.007211825059306237,0.9998739919354839,0.3619784521800216,0.10631976752957543,31
multiple_sclerosis,rewrite_scores,3,0.042877289556687875,0.042877289556687875,0.0656157462827621,0.006456939667783758,0.001772993356670401,31
multiple_sclerosis,rewrite_scores,4,0.003044159181656376,0.003044159181656376,0.016015391195974043,0.0028130614629355813,0.0009232215298756486,31
multiple_sclerosis,rewrite_scores,5,0.00996933973604633,0.00996933973604633,0.010784352498669778,0.0027890433226862256,0.0008592711794565435,31
multiple_sclerosis,rewrite_scores,6,0.0181459822962361,0.0181459822962361,0.061805561665565736,0.008825829721266224,0.002700195853695184,31
multiple_sclerosis,rewrite_scores,7,0.2669937995172316,0.2669937995172316,0.35497357768397175,0.034544414313890597,0.010229201137646202,31
multiple_sclerosis,rewrite_scores,8,0.006966392359425945,0.006966392359425945,0.016095792574267232,0.003143367331515076,0.0008899759490343464,31
multiple_sclerosis,rewrite_scores,9,-0.0002066711744954509,-0.0002066711744954509,0.0107778339616714,0.0019195995343628753,0.0004892660631564985,31
multiple_sclerosis,rewrite_scores,10,0.003330280703883017,0.003330280703883017,0.012684554822983281,0.0031751158737367197,0.0010011608099631459,31
multiple_sclerosis,rewrite_scores,11,0.002619106082185622,0.002619106082185622,0.004616732078213845,0.0014865779748526953,0.00034233703651047255,31
multiple_sclerosis,rewrite_scores,12,0.01038672318381648,0.01038672318381648,0.05157746951426229,0.005940175857595218,0.0018033550725064368,31
multiple_sclerosis,rewrite_scores,13,0.01413649320602417,0.01413649320602417,0.02582472562789917,0.0033133887795991795,0.0010021473203069714,31
multiple_sclerosis,rewrite_scores,14,4.9953979830588066e-05,4.9953979830588066e-05,0.02933860594226468,0.00378712845104997,0.0012222058626511691,31
multiple_sclerosis,rewrite_scores,15,0.0019526500855722734,0.0019526500855722734,0.00991349595208322,0.0018406165543422904,0.0005206455121793923,31
multiple_sclerosis,rewrite_scores,16,-0.0007571438627858315,-0.0007571438627858315,0.0040320114743325015,0.0011946373088385473,0.0003302464841356937,31
multiple_sclerosis,rewrite_scores,17,-0.0007994400878106394,-0.0007994400878106394,0.05499300264543103,0.005156642583108718,0.0015250815105686405,31
multiple_sclerosis,rewrite_scores,18,0.23939089621267012,0.23939089621267012,0.3395270070722026,0.047046389759227786,0.014298300765272534,31
multiple_sclerosis,rewrite_scores,19,0.038444634406797344,0.038444634406797344,0.13210887293661794,0.019832662420888103,0.006104794847873895,31
multiple_sclerosis,rewrite_scores,20,-0.0012083769805969731,-0.0012083769805969731,0.017512482981528004,0.001418525525318679,0.00021331611610664707,31
multiple_sclerosis,rewrite_scores,21,0.0115255598099001,0.0115255598099001,0.15785561838457662,0.011916072169939677,0.003593941823677072,31
multiple_sclerosis,rewrite_scores,22,-0.0001526751345203769,-0.0001526751345203769,0.0003848075866699219,0.00017209469631154051,-2.8771447958520758e-05,31
multiple_sclerosis,rewrite_scores,23,7.109440142108548e-05,7.109440142108548e-05,0.0015053479902205928,0.00029561583713818613,8.119959600716342e-05,31
multiple_sclerosis,rewrite_scores,24,6.271177722561745e-05,6.271177722561745e-05,0.00329948817529986,0.00041125679528841404,0.00011565412422196208,31
multiple_sclerosis,rewrite_scores,25,9.259869975428427e-06,9.259869975428427e-06,0.00037602263112221997,0.00018608903372159568,4.860857625784961e-05,31
multiple_sclerosis,rewrite_scores,26,5.4711295712378716e-05,5.4711295712378716e-05,0.020678612493699598,0.0014974167910955288,0.0004355409903040759,31
multiple_sclerosis,rewrite_scores,27,0.0,0.0,0.011151283018050654,0.0007434188678700437,0.00022434024232894425,31
rheumatoid_arthritis,rewrite_scores,0,0.0011573537222800715,0.0011573537222800715,1.0,0.982700667842742,0.4705530117037089,31
rheumatoid_arthritis,rewrite_scores,1,3.667319974591655e-05,3.667319974591655e-05,0.0012328573051960238,0.0001496539120712588,2.5271479869278797e-05,31
rheumatoid_arthritis,rewrite_scores,2,0.010276027264133576,0.010276027264133576,1.0,0.3281720869643714,0.09221771732493649,31
rheumatoid_arthritis,rewrite_scores,3,4.5272972314588486e-05,4.5272972314588486e-05,0.001459326474897323,0.00018621520089205876,3.2950665234713975e-05,31
rheumatoid_arthritis,rewrite_scores,4,0.0002616496696587532,0.0002616496696587532,0.0032872890512789447,0.00030410641063285124,7.475603818308012e-05,31
rheumatoid_arthritis,rewrite_scores,5,9.089546097863106e-05,9.089546097863106e-05,0.00021767057478427887,7.806788449005412e-05,1.0938744551003565e-05,31
rheumatoid_arthritis,rewrite_scores,6,0.00023325015940973834,0.00023325015940973834,0.00570067354748326,0.0005821584934188474,0.00016054077046877976,31
rheumatoid_arthritis,rewrite_scores,7,0.0010802743415678701,0.0010802743415678701,0.05814292738514562,0.004351303357911367,0.0012272476882767916,31
rheumatoid_arthritis,rewrite_scores,8,0.00018026655720126245,0.00018026655720126245,0.0011169072841444323,0.0001771733124730408,3.900197591259277e-05,31
rheumatoid_arthritis,rewrite_scores,9,-2.8114886053146854e-05,-2.8114886053146854e-05,0.00036108121275901794,8.850543889948114e-05,9.34270597650326e-06,31
rheumatoid_arthritis,rewrite_scores,10,0.0001473308450752689,0.0001473308450752689,0.0008456050868957273,0.00015035956216755738,3.066116644106721e-05,31
rheumatoid_arthritis,rewrite_scores,11,2.208592430237801e-05,2.208592430237801e-05,0.00030956201014980194,5.926183795416226e-05,-3.7958025450070485e-06,31
rheumatoid_arthritis,rewrite_scores,12,6.300295072217142e-05,6.300295072217142e-05,0.0040788010003105285,0.0004229219770559701,0.00010993848269630372,31
rheumatoid_arthritis,rewrite_scores,13,0.00013635103260317157,0.00013635103260317157,0.00029539905728832367,7.494009870995758e-05,3.763207956106516e-06,31
rheumatoid_arthritis,rewrite_scores,14,-2.8741515932544586e-05,-2.8741515932544586e-05,0.0021787523742645017,0.00029588356934567926,7.63059382177725e-05,31
rheumatoid_arthritis,rewrite_scores,15,-3.0178336366530388e-05,-3.0178336366530388e-05,0.00042846258128843,8.694486672519355e-05,1.2733422657573941e-05,31
rheumatoid_arthritis,rewrite_scores,16,-1.747918225103809e-05,-1.747918225103809e-05,0.0003762980622629965,7.378232655345753e-05,1.0449409699258486e-05,31
rheumatoid_arthritis,rewrite_scores,17,2.341224781928524e-06,2.341224781928524e-06,0.005348535314682991,0.00042141950338758446,9.926295494481135e-05,31
rheumatoid_arthritis,rewrite_scores,18,0.011543962263291883,0.011543962263291883,0.08033834734270649,0.009399085576015133,0.00269402123096545,31
rheumatoid_arthritis,rewrite_scores,19,0.0005884984087559485,0.0005884984087559485,0.0718394556353169,0.00577110777138382,0.0016421689966067247,31
rheumatoid_arthritis,rewrite_scores,20,-9.596591154413838e-05,-9.596591154413838e-05,0.0024431597801946826,0.000164736214504447,2.322109066248565e-05,31
rheumatoid_arthritis,rewrite_scores,21,4.037926273961221e-05,4.037926273961221e-05,0.1413849861391129,0.009504826002383747,0.002711500472451539,31
rheumatoid_arthritis,rewrite_scores,22,-1.6754673373314644e-05,-1.6754673373314644e-05,0.0001438586942611202,1.4199717070466731e-05,-2.5763817240197335e-06,31
rheumatoid_arthritis,rewrite_scores,23,-3.4700478276898785e-06,-3.4700478276898785e-06,0.0007063313837974302,5.115900308855118e-05,8.546522047331873e-06,31
rheumatoid_arthritis,rewrite_scores,24,-4.835667148713142e-06,-4.835667148713142e-06,0.0005390657292258355,4.0374796396942544e-05,7.5571689352134395e-06,31
rheumatoid_arthritis,rewrite_scores,25,-1.910232728527438e-06,-1.910232728527438e-06,8.90250648221662e-05,8.515232513027807e-06,4.775629993383231e-07,31
rheumatoid_arthritis,rewrite_scores,26,-6.998738934916835e-07,-6.998738934916835e-07,0.005139031717854161,0.0003465399867103946,9.800942210912457e-05,31
rheumatoid_arthritis,rewrite_scores,27,0.0,0.0,0.0028602846207157256,0.0001906856413810484,5.453054209395639e-05,31
sarcoidosis,rewrite_scores,0,0.389556884765625,0.389556884765625,1.0,0.9876281081989248,0.5752573524996281,31
sarcoidosis,rewrite_scores,1,0.014662742614746094,0.014662742614746094,0.02005420192595451,0.0055827817609233246,0.00139169876653143,31
sarcoidosis,rewrite_scores,2,0.0441436767578125,0.0441436767578125,1.0,0.4846958673128518,0.14081945008760238,31
sarcoidosis,rewrite_scores,3,-0.004179447889328003,-0.004179447889328003,0.021416079613470262,0.004817218165243825,0.0007339398964346549,31
sarcoidosis,rewrite_scores,4,-0.0008276700973510742,-0.0008276700973510742,0.15864218434979838,0.016906655219293406,0.004816498317514299,31
sarcoidosis,rewrite_scores,5,0.01940464973449707,0.01940464973449707,0.01459718519641507,0.00504507864675214,0.0011808269848035896,31
sarcoidosis,rewrite_scores,6,0.027703285217285156,0.027703285217285156,0.1033202140561996,0.01893498513006395,0.00553037238012957,31
sarcoidosis,rewrite_scores,7,0.015787601470947266,0.015787601470947266,0.26035813362367694,0.033116239117037864,0.009316806212940634,31
sarcoidosis,rewrite_scores,8,0.013226509094238281,0.013226509094238281,0.0491279786632907,0.007849396941482381,0.0020837980975259287,31
sarcoidosis,rewrite_scores,9,0.0017781257629394531,0.0017781257629394531,0.01609817627937563,0.004399163235900224,0.0008376363927112325,31
sarcoidosis,rewrite_scores,10,0.0028891563415527344,0.0028891563415527344,0.14293732181672128,0.014734395345052085,0.004079104278405593,31
sarcoidosis,rewrite_scores,11,0.009385466575622559,0.009385466575622559,0.010341398177608367,0.003303456050093457,0.0004973932818050695,31
sarcoidosis,rewrite_scores,12,0.008389949798583984,0.008389949798583984,0.04407082834551411,0.009021644182102655,0.0025453311324413635,31
sarcoidosis,rewrite_scores,13,0.0035780668258666992,0.0035780668258666992,0.024781380930254535,0.005961076674922819,0.0015995078731252438,31
sarcoidosis,rewrite_scores,14,0.00030040740966796875,0.00030040740966796875,0.059071510068831906,0.011619398670811808,0.0035814511001099024,31
sarcoidosis,rewrite_scores,15,-0.0015759468078613281,-0.0015759468078613281,0.027709468718497984,0.0048735028953962424,0.0012954254690065905,31
sarcoidosis,rewrite_scores,16,-0.0009334087371826172,-0.0009334087371826172,0.012590469852570564,0.002679321842808877,0.00032449084357123807,31
sarcoidosis,rewrite_scores,17,0.0009982585906982422,0.0009982585906982422,0.17690350932459678,0.015855180576283448,0.004244110535129061,31
sarcoidosis,rewrite_scores,18,0.19019222259521484,0.19019222259521484,0.42277994463520663,0.08534173247634723,0.02530305626874474,31
sarcoidosis,rewrite_scores,19,0.03098154067993164,0.03098154067993164,0.47358555947580644,0.05128010062761204,0.014986880304247285,31
sarcoidosis,rewrite_scores,20,-0.0065424442291259766,-0.0065424442291259766,0.057198309129284274,0.004314508745747229,0.000262827528697743,31
sarcoidosis,rewrite_scores,21,0.007128238677978516,0.007128238677978516,0.2789952985702022,0.021655840514808573,0.006151180281515269,31
sarcoidosis,rewrite_scores,22,-0.001148223876953125,-0.001148223876953125,0.0009474292878181704,0.00040473937988281253,-0.00021144867551241444,31
sarcoidosis,rewrite_scores,23,-0.00110626220703125,-0.00110626220703125,0.010819035191689768,0.0011263467932260162,0.00017982681154857585,31
sarcoidosis,rewrite_scores,24,1.1920928955078125e-05,1.1920928955078125e-05,0.007005353127756427,0.0008676693003664734,0.00014061547189486685,31
sarcoidosis,rewrite_scores,25,0.0005965232849121094,0.0005965232849121094,0.0012608497373519404,0.0004236005967663181,3.657778845773698e-05,31
sarcoidosis,rewrite_scores,26,-0.00011777877807617188,-0.00011777877807617188,0.036370400459535664,0.002760669749270204,0.0007290212446451692,31
sarcoidosis,rewrite_scores,27,0.0,0.0,0.02452164311562815,0.0016347762077085434,0.0004696800120983671,31
