cohort,prompt_id,ia_f0_pct,best_factor,ia_best_pct,ia_gain_pp,male_n_f0,male_n_best,n
asthma,0,94.3,4,97.1,2.9,33,34,35
asthma,1,11.4,5,14.3,2.9,4,5,35
asthma,2,48.6,0,48.6,0.0,17,17,35
asthma,3,85.7,0,85.7,0.0,30,30,35
asthma,4,25.7,0,25.7,0.0,9,9,35
asthma,5,85.7,0,85.7,0.0,30,30,35
asthma,6,77.1,2,91.4,14.3,27,32,35
asthma,7,0.0,3,14.3,14.3,0,5,35
asthma,8,85.7,2,97.1,11.4,30,34,35
asthma,9,42.9,2,71.4,28.6,15,25,35
asthma,10,100.0,0,100.0,0.0,35,35,35
asthma,11,91.4,0,91.4,0.0,32,32,35
asthma,12,14.3,5,25.7,11.4,5,9,35
asthma,13,88.6,0,88.6,0.0,31,31,35
asthma,14,82.9,4,85.7,2.9,29,30,35
asthma,15,25.7,5,74.3,48.6,9,26,35
asthma,16,11.4,5,25.7,14.3,4,9,35
asthma,17,2.9,3,8.6,5.7,1,3,35
asthma,18,5.7,0,5.7,0.0,2,2,35
asthma,19,31.4,0,31.4,0.0,11,11,35
asthma,20,28.6,3,57.1,28.6,10,20,35
asthma,21,82.9,4,97.1,14.3,29,34,35
asthma,22,80.0,5,82.9,2.9,28,29,35
asthma,23,88.6,1,91.4,2.9,31,32,35
asthma,24,42.9,0,42.9,0.0,15,15,35
asthma,25,22.9,0,22.9,0.0,8,8,35
asthma,26,5.7,3,14.3,8.6,2,5,35
asthma,27,34.3,4,62.9,28.6,12,22,35
asthma,28,37.1,4,100.0,62.9,13,35,35
asthma,29,31.4,0,31.4,0.0,11,11,35
asthma,30,68.6,0,68.6,0.0,24,24,35
asthma,31,77.1,2,80.0,2.9,27,28,35
depression,0,60.0,5,85.7,25.7,21,30,35
depression,1,2.9,4,5.7,2.9,1,2,35
depression,2,5.7,0,5.7,0.0,2,2,35
depression,3,77.1,0,77.1,0.0,27,27,35
depression,4,20.0,3,28.6,8.6,7,10,35
depression,5,68.6,5,85.7,17.1,24,30,35
depression,6,71.4,0,71.4,0.0,25,25,35
depression,7,2.9,0,2.9,0.0,1,1,35
depression,8,60.0,2,68.6,8.6,21,24,35
depression,9,60.0,1,62.9,2.9,21,22,35
depression,10,60.0,5,80.0,20.0,21,28,35
depression,11,68.6,0,68.6,0.0,24,24,35
depression,12,0.0,0,0.0,0.0,0,0,35
depression,13,65.7,0,65.7,0.0,23,23,35
depression,14,57.1,1,94.3,37.1,20,33,35
depression,15,28.6,4,68.6,40.0,10,24,35
depression,16,2.9,3,8.6,5.7,1,3,35
depression,17,2.9,2,5.7,2.9,1,2,35
depression,18,2.9,0,2.9,0.0,1,1,35
depression,19,2.9,2,8.6,5.7,1,3,35
depression,20,0.0,0,0.0,0.0,0,0,35
depression,21,68.6,5,85.7,17.1,24,30,35
depression,22,40.0,2,82.9,42.9,14,29,35
depression,23,62.9,2,85.7,22.9,22,30,35
depression,24,42.9,0,42.9,0.0,15,15,35
depression,25,0.0,1,2.9,2.9,0,1,35
depression,26,0.0,0,0.0,0.0,0,0,35
depression,27,17.1,4,40.0,22.9,6,14,35
depression,28,17.1,5,74.3,57.1,6,26,35
depression,29,8.6,2,25.7,17.1,3,9,35
depression,30,28.6,5,51.4,22.9,10,18,35
depression,31,48.6,1,62.9,14.3,17,22,35
multiple_sclerosis,0,31.4,5,82.9,51.4,11,29,35
multiple_sclerosis,1,0.0,1,5.7,5.7,0,2,35
multiple_sclerosis,2,5.7,0,5.7,0.0,2,2,35
multiple_sclerosis,3,45.7,1,54.3,8.6,16,19,35
multiple_sclerosis,4,2.9,2,8.6,5.7,1,3,35
multiple_sclerosis,5,51.4,3,54.3,2.9,18,19,35
multiple_sclerosis,6,34.3,3,57.1,22.9,12,20,35
multiple_sclerosis,7,0.0,0,0.0,0.0,0,0,35
multiple_sclerosis,8,22.9,1,54.3,31.4,8,19,35
multiple_sclerosis,9,28.6,0,28.6,0.0,10,10,35
multiple_sclerosis,10,28.6,1,34.3,5.7,10,12,35
multiple_sclerosis,11,34.3,4,88.6,54.3,12,31,35
multiple_sclerosis,12,0.0,3,8.6,8.6,0,3,35
multiple_sclerosis,13,51.4,2,57.1,5.7,18,20,35
multiple_sclerosis,14,31.4,3,34.3,2.9,11,12,35
multiple_sclerosis,15,57.1,0,57.1,0.0,20,20,35
multiple_sclerosis,16,0.0,1,14.3,14.3,0,5,35
multiple_sclerosis,17,0.0,2,5.7,5.7,0,2,35
multiple_sclerosis,18,0.0,0,0.0,0.0,0,0,35
multiple_sclerosis,19,0.0,0,0.0,0.0,0,0,35
multiple_sclerosis,20,0.0,3,2.9,2.9,0,1,35
multiple_sclerosis,21,22.9,5,60.0,37.1,8,21,35
multiple_sclerosis,22,48.6,5,60.0,11.4,17,21,35
multiple_sclerosis,23,34.3,4,97.1,62.9,12,34,35
multiple_sclerosis,24,22.9,5,40.0,17.1,8,14,35
multiple_sclerosis,25,0.0,0,0.0,0.0,0,0,35
multiple_sclerosis,26,8.6,0,8.6,0.0,3,3,35
multiple_sclerosis,27,11.4,5,37.1,25.7,4,13,35
multiple_sclerosis,28,5.7,3,34.3,28.6,2,12,35
multiple_sclerosis,29,2.9,5,20.0,17.1,1,7,35
multiple_sclerosis,30,17.1,5,45.7,28.6,6,16,35
multiple_sclerosis,31,28.6,1,31.4,2.9,10,11,35
rheumatoid_arthritis,0,34.3,1,40.0,5.7,12,14,35
rheumatoid_arthritis,1,2.9,0,2.9,0.0,1,1,35
rheumatoid_arthritis,2,2.9,2,5.7,2.9,1,2,35
rheumatoid_arthritis,3,20.0,2,22.9,2.9,7,8,35
rheumatoid_arthritis,4,2.9,4,11.4,8.6,1,4,35
rheumatoid_arthritis,5,34.3,1,54.3,20.0,12,19,35
rheumatoid_arthritis,6,2.9,1,20.0,17.1,1,7,35
rheumatoid_arthritis,7,0.0,0,0.0,0.0,0,0,35
rheumatoid_arthritis,8,20.0,2,42.9,22.9,7,15,35
rheumatoid_arthritis,9,0.0,2,2.9,2.9,0,1,35
rheumatoid_arthritis,10,25.7,1,42.9,17.1,9,15,35
rheumatoid_arthritis,11,25.7,2,31.4,5.7,9,11,35
rheumatoid_arthritis,12,17.1,0,17.1,0.0,6,6,35
rheumatoid_arthritis,13,8.6,2,14.3,5.7,3,5,35
rheumatoid_arthritis,14,34.3,0,34.3,0.0,12,12,35
rheumatoid_arthritis,15,0.0,0,0.0,0.0,0,0,35
rheumatoid_arthritis,16,5.7,5,8.6,2.9,2,3,35
rheumatoid_arthritis,17,0.0,1,2.9,2.9,0,1,35
rheumatoid_arthritis,18,0.0,5,2.9,2.9,0,1,35
rheumatoid_arthritis,19,0.0,0,0.0,0.0,0,0,35
rheumatoid_arthritis,20,0.0,0,0.0,0.0,0,0,35
rheumatoid_arthritis,21,8.6,0,8.6,0.0,3,3,35
rheumatoid_arthritis,22,40.0,0,40.0,0.0,14,14,35
rheumatoid_arthritis,23,20.0,2,45.7,25.7,7,16,35
rheumatoid_arthritis,24,14.3,0,14.3,0.0,5,5,35
rheumatoid_arthritis,25,0.0,5,2.9,2.9,0,1,35
rheumatoid_arthritis,26,0.0,1,5.7,5.7,0,2,35
rheumatoid_arthritis,27,0.0,1,11.4,11.4,0,4,35
rheumatoid_arthritis,28,11.4,1,17.1,5.7,4,6,35
rheumatoid_arthritis,29,5.7,0,5.7,0.0,2,2,35
rheumatoid_arthritis,30,5.7,2,8.6,2.9,2,3,35
rheumatoid_arthritis,31,8.6,1,11.4,2.9,3,4,35
sarcoidosis,0,62.9,1,82.9,20.0,22,29,35
sarcoidosis,1,17.1,1,25.7,8.6,6,9,35
sarcoidosis,2,68.6,0,68.6,0.0,24,24,35
sarcoidosis,3,74.3,0,74.3,0.0,26,26,35
sarcoidosis,4,0.0,2,14.3,14.3,0,5,35
sarcoidosis,5,28.6,2,40.0,11.4,10,14,35
sarcoidosis,6,31.4,1,54.3,22.9,11,19,35
sarcoidosis,7,2.9,4,11.4,8.6,1,4,35
sarcoidosis,8,65.7,1,80.0,14.3,23,28,35
sarcoidosis,9,31.4,0,31.4,0.0,11,11,35
sarcoidosis,10,20.0,5,31.4,11.4,7,11,35
sarcoidosis,11,74.3,1,82.9,8.6,26,29,35
sarcoidosis,12,20.0,4,22.9,2.9,7,8,35
sarcoidosis,13,17.1,2,31.4,14.3,6,11,35
sarcoidosis,14,37.1,5,65.7,28.6,13,23,35
sarcoidosis,15,2.9,3,5.7,2.9,1,2,35
sarcoidosis,16,8.6,0,8.6,0.0,3,3,35
sarcoidosis,17,0.0,0,0.0,0.0,0,0,35
sarcoidosis,18,2.9,4,8.6,5.7,1,3,35
sarcoidosis,19,14.3,0,14.3,0.0,5,5,35
sarcoidosis,20,22.9,0,22.9,0.0,8,8,35
sarcoidosis,21,65.7,1,71.4,5.7,23,25,35
sarcoidosis,22,48.6,5,65.7,17.1,17,23,35
sarcoidosis,23,80.0,0,80.0,0.0,28,28,35
sarcoidosis,24,8.6,3,14.3,5.7,3,5,35
sarcoidosis,25,8.6,3,17.1,8.6,3,6,35
sarcoidosis,26,0.0,1,2.9,2.9,0,1,35
sarcoidosis,27,17.1,3,28.6,11.4,6,10,35
sarcoidosis,28,17.1,1,42.9,25.7,6,15,35
sarcoidosis,29,2.9,0,2.9,0.0,1,1,35
sarcoidosis,30,48.6,0,48.6,0.0,17,17,35
sarcoidosis,31,54.3,1,60.0,5.7,19,21,35
