prompt_id,layer,qwen_score,olmo_score,diff_qwen_minus_olmo
1,1,0.00813884735107422,4.361500032246113e-07,0.008138411201070995
1,2,0.4027687072753906,2.9348302632570267e-07,0.4027684137923643
1,3,0.022913360595703137,1.2313248589634895e-06,0.022912129270844173
1,4,0.02404499053955078,9.821495041251183e-06,0.02403516904450953
1,5,0.014017009735107422,-4.7660432755947113e-07,0.014017486339434981
1,6,0.14538440704345704,-6.890622898936273e-07,0.14538509610574693
1,7,0.25501556396484376,1.7525744624435902e-06,0.2550138113903813
1,8,0.06507511138916014,7.0927198976278305e-06,0.06506801866926251
1,9,-0.0039360046386718835,4.242872819304466e-06,-0.003940247511491188
1,10,0.03546695709228514,7.997849024832249e-06,0.035458959243260306
1,11,-0.0037100791931152484,2.9548420570775924e-05,-0.0037396276136860244
1,12,0.039485359191894526,-1.1456431820988655e-06,0.039486504835076625
1,13,0.0424661636352539,-1.9790604710578918e-07,0.042466361541301005
1,14,0.00310916900634763,-1.1452939361333847e-06,0.0031103143002837634
1,15,0.015243530273437469,5.349284037947655e-07,0.015242995345033674
1,16,-0.0005246162414550781,-8.463393896818161e-07,-0.0005237699020653963
1,17,0.024642658233642565,2.574117388576269e-06,0.02464008411625399
1,18,0.502886962890625,0.25747835636138916,0.2454086065292358
1,19,0.23123397827148437,-1.1307420209050179e-06,0.23123510901350527
1,20,-0.019805431365966786,-1.4075776562094688e-06,-0.019804023788310577
1,21,0.06609916687011719,0.0022614113986492157,0.06383775547146797
1,22,-0.00044384002685546873,-1.4883698895573616e-06,-0.00044235165696591137
1,23,0.0015878677368164062,-1.4816178008913994e-06,0.0015893493546172976
1,24,0.002001953125,1.6245758160948753e-06,0.002000328549183905
1,25,0.001580810546875,3.861542791125971e-05,0.0015421951189637402
1,26,0.001998710632324219,-1.2316741049289703e-06,0.001999942306429148
1,27,0.0,9.73232090473175e-07,-9.73232090473175e-07
1,28,,-7.334165275096895e-08,
1,29,,2.0791776478290558e-07,
1,30,,1.6065314412117004e-08,
1,31,,0.0,
2,1,0.0070476531982421806,1.885928213596344e-07,0.007047464605420821
2,2,0.20042190551757813,2.7939677238464355e-07,0.20042162612080575
2,3,-0.015791320800781238,1.2014061212539673e-07,-0.015791440941393363
2,4,0.017347145080566402,2.421438694000244e-07,0.017346902936697002
2,5,0.0080638885498047,-7.91624188423158e-09,0.008063896466046584
2,6,0.03707275390624998,6.51925802230835e-07,0.03707210198044775
2,7,0.00398559570312498,-2.069864422082901e-07,0.003985802689567188
2,8,-0.001386260986328135,4.176981747150421e-07,-0.0013866786845028501
2,9,-0.02100372314453125,-2.235174179077149e-08,-0.02100370079278946
2,10,-0.01336898803710937,2.514570951461792e-07,-0.013369239494204516
2,11,-0.00582313537597654,8.833594620227815e-07,-0.005824018735438563
2,12,0.013088989257812506,-1.816079020500183e-07,0.013089170865714556
2,13,0.00104885101318358,7.916241884231567e-08,0.0010487718507647377
2,14,-0.005142974853515616,-9.778887033462538e-09,-0.005142965074628582
2,15,0.0072628021240234404,2.0489096641540524e-08,0.007262781634926799
2,16,0.0049713134765625,-2.039596438407898e-07,0.004971517436206341
2,17,0.02159194946289063,2.523884177207947e-07,0.02159169707447291
2,18,0.10019989013671875,1.3861805200576782e-05,0.10018602833151817
2,19,0.05563201904296874,-1.4761462807655334e-07,0.055632166657596814
2,20,-0.0247097015380859,-2.523884177207947e-07,-0.02470944914966818
2,21,0.02338638305664062,7.217749953269958e-07,0.023385661281645292
2,22,-0.00044593811035156,-2.491287887096405e-07,-0.00044568898156285033
2,23,0.00344085693359375,-1.550652086734772e-07,0.0034410119988024235
2,24,-0.00196533203125,-1.8626451492309537e-09,-0.001965330168604851
2,25,0.0005035400390625,2.873130142688751e-07,0.0005032527260482311
2,26,0.00024414062499998997,-8.195638656616211e-08,0.00024422258138655613
2,27,0.0,3.818422555923462e-08,-3.818422555923462e-08
2,28,,-9.313225746154785e-09,
2,29,,-4.6566128730773926e-09,
2,30,,4.190951585769653e-09,
2,31,,0.0,
3,1,0.029501952230930314,1.8588005332276225e-05,0.02948336422559804
3,2,0.4165611267089844,5.433510523289442e-06,0.4165556931984611
3,3,0.010260589420795448,0.00010302395094186068,0.010157565469853587
3,4,0.0618882179260254,0.0002746586687862873,0.06161355925723911
3,5,-0.011235594749450696,4.419824108481407e-06,-0.011240014573559177
3,6,0.16595759987831116,-7.758091669529676e-06,0.1659653579699807
3,7,0.3728647232055664,7.356400601565838e-06,0.37285736680496484
3,8,0.06188944727182388,6.533111445605755e-06,0.06188291416037828
3,9,0.002941422164440161,3.1446805223816346e-05,0.0029099753592163446
3,10,0.030728876590728742,0.00031668966403231025,0.030412186926696432
3,11,0.014429308474063873,0.0030377771181520075,0.011391531355911866
3,12,0.19051794707775113,-8.823422831483185e-06,0.19052677050058262
3,13,0.08768442273139954,-7.596667273901403e-06,0.08769201939867344
3,14,0.10353036224842072,-7.884358637966216e-06,0.10353824660705868
3,15,0.02407635003328325,-7.170921890065074e-06,0.024083520955173316
3,16,-0.00021260976791380586,-8.297734893858433e-06,-0.00020431203301994743
3,17,0.12898699194192886,1.538798096589744e-05,0.12897160396096297
3,18,0.49039459228515625,0.24744212627410886,0.2429524660110474
3,19,0.28034913539886475,-6.181711796671152e-06,0.2803553171106614
3,20,-0.026464112102985368,-8.602612069807947e-06,-0.02645550949091556
3,21,0.08851577341556548,0.007249973714351654,0.08126579970121382
3,22,-0.0028358325362205505,-9.59420867729932e-06,-0.002826238327543251
3,23,4.617124795912446e-05,-9.516865247860553e-06,5.568811320698501e-05
3,24,2.3022294044494625e-06,8.534407243132591e-06,-6.232177838683128e-06
3,25,2.1234154701232906e-06,0.0002791779115795964,-0.0002770544961094731
3,26,0.0,-7.040347554720937e-06,7.040347554720937e-06
3,27,0.0,3.6160345189273357e-06,-3.6160345189273357e-06
3,28,,5.2677933126688e-09,
3,29,,-1.367880031466484e-09,
3,30,,-9.313225746154785e-10,
3,31,,0.0,
4,1,-0.00010269880294797617,1.0537682101130486e-05,-0.00011323648504910666
4,2,0.49404895305633545,-3.114878199992377e-05,0.4940801018383354
4,3,0.0037034153938293583,1.1336756870150566e-05,0.0036920786369592077
4,4,0.003366827964782712,0.0010590851306915283,0.0023077428340911835
4,5,0.0009345412254333371,-4.601478576659844e-05,0.0009805560111999356
4,6,0.014750301837921143,-3.141723573205668e-05,0.014781719073653199
4,7,0.08153820037841795,4.88739460706617e-05,0.0814893264323473
4,8,0.00186997652053833,0.0005468595772981644,0.0013231169432401657
4,9,-0.0004562437534331994,-1.5506520867347717e-06,-0.00045469310134646463
4,10,0.0038521885871887207,0.000300102168694126,0.0035520864184945948
4,11,0.0006653070449829102,0.0006347044836729765,3.060256130993366e-05
4,12,0.00783926248550415,-6.392132490872399e-05,0.007903183810412875
4,13,0.005472898483276367,-4.950352013108927e-05,0.005522402003407457
4,14,0.0019026398658752316,-6.644707173107179e-05,0.0019690869376063035
4,15,0.004716455936431873,4.7302106395351305e-05,0.004669153830036521
4,16,1.4692544937132224e-05,-4.777591675519631e-05,6.246846169232853e-05
4,17,0.006874829530715923,0.0001056513283401509,0.006769178202375772
4,18,0.34644317626953125,0.21211791038513184,0.13432526588439941
4,19,0.15842771530151364,-5.5545009672635506e-05,0.15848326031118629
4,20,-0.001580327749252313,-7.194117642938778e-05,-0.0015083865728229252
4,21,0.010320723056793194,0.0005561783909797668,0.009764544665813427
4,22,3.874301910400391e-06,-7.553002797064978e-05,7.940432988105017e-05
4,23,4.354119300842285e-05,-7.587647996840674e-05,0.00011941767297682959
4,24,2.2113323211669922e-05,6.668362766502725e-05,-4.457030445335733e-05
4,25,2.300739288330078e-05,0.000370711088180542,-0.0003477036952972412
4,26,1.132488250732422e-06,-6.657012272624286e-05,6.770261097697528e-05
4,27,0.0,8.373335003851906e-05,-8.373335003851906e-05
4,28,,-3.259629011154175e-09,
4,29,,5.341134965419769e-07,
4,30,,5.364418029785156e-07,
4,31,,0.0,
5,1,0.001190960407257104,1.445971429347992e-05,0.001176500692963624
5,2,0.40388946533203124,-4.3990439735342056e-05,0.4039334557717666
5,3,0.0010636091232299816,-7.589103188363822e-05,0.0011395001551136198
5,4,0.008947134017944319,-3.430561628190945e-05,0.008981439634226228
5,5,0.0013299107551574606,-4.455144517123699e-05,0.0013744622003286975
5,6,0.03216729164123535,-8.199346484615774e-05,0.03224928510608151
5,7,0.13395099639892577,-4.726462066173554e-08,0.13395104366354643
5,8,0.004425096511840811,0.005636037676595151,-0.0012109411647543405
5,9,-0.001507037878036494,0.00023395864991469922,-0.001740996527951193
5,10,0.012270689010620096,0.00010766152990980374,0.012163027480710293
5,11,0.0008651852607727039,0.00503565592225641,-0.004170470661483706
5,12,0.015375936031341533,-9.115744614971477e-05,0.015467093477491247
5,13,0.009401845932006816,6.357661914078194e-05,0.009338269312866035
5,14,0.002700626850128174,-9.14473494048943e-05,0.0027920741995330683
5,15,0.01033779382705686,-6.445421604438054e-05,0.01040224804310124
5,16,0.0008707165718078614,-8.584745228289933e-05,0.0009565640240907607
5,17,0.0046571135520935055,1.739861909300089e-05,0.004639714933000505
5,18,0.34708328247070314,0.3573554754257202,-0.010272192955017079
5,19,0.16821837425231934,-8.050224278119999e-05,0.16829887649510053
5,20,-0.0020509600639343176,-9.257497731596231e-05,-0.0019583850866183553
5,21,0.014074063301086414,0.002355904318392272,0.011718158982694142
5,22,-0.00043964385986328125,-9.374914225190253e-05,-0.0003458947176113787
5,23,6.866455078125e-06,-9.525753557680475e-05,0.00010212399065492975
5,24,-0.00023345947265623998,0.00010718597332014696,-0.00034064544597638694
5,25,-0.00023345947265623998,0.016638863366097194,-0.016872322838753433
5,26,-0.00023345947265623998,-9.16718272492102e-05,-0.00014178764540702978
5,27,0.0,-2.124626189470291e-05,2.124626189470291e-05
5,28,,-1.0965974070131779e-05,
5,29,,-1.0965974070131779e-05,
5,30,,-1.0967254638671875e-05,
5,31,,0.0,
6,1,0.017459131777286543,-2.2759195417165756e-08,0.01745915453648196
6,2,0.4973773956298828,-4.9156369641423225e-08,0.49737744478625245
6,3,0.029940195381641402,1.7433194443583485e-08,0.029940177948446958
6,4,0.10969281941652298,1.8917489796876914e-08,0.10969280049903318
6,5,0.005509823560714728,2.2561289370059967e-07,0.005509597947821027
6,6,0.1776190996170044,-1.5328987501561642e-07,0.1776192529068794
6,7,0.2934703826904297,-1.73458829522133e-08,0.29347040003631264
6,8,0.0912199914455414,3.3708056434988976e-07,0.09121965436497705
6,9,-0.03487982600927355,-1.3323733583092692e-07,-0.03487969277193772
6,10,0.057184763252735124,8.3498889580369e-08,0.057184679753845544
6,11,0.01166313886642456,2.5574699975550175e-06,0.011660581396427006
6,12,0.1377068385481834,-3.943569026887418e-08,0.13770687798387368
6,13,0.10165729373693465,2.043962012976408e-07,0.10165708934073335
6,14,0.06415534019470215,-1.5596742741763594e-07,0.06415549616212957
6,15,0.04672431945800778,-1.37049937620759e-07,0.0467244565079454
6,16,0.005510091781616217,-1.2057716958224773e-07,0.005510212358785799
6,17,0.08141336962580682,8.806819096207619e-08,0.08141328155761586
6,18,0.4172799587249756,0.005007804837077837,0.41227215388789773
6,19,0.26253101229667664,-3.5623088479042066e-08,0.2625310479197651
6,20,-0.04905818402767179,-1.8072023522108793e-07,-0.04905800330743657
6,21,0.12086788564920424,2.9538641683757305e-06,0.12086493178503586
6,22,-0.009339570999145508,-2.5582266971468925e-07,-0.009339315176475793
6,23,1.169741153717041e-06,-2.5656481739133596e-07,1.426305971108377e-06
6,24,0.0,5.421752575784922e-07,-5.421752575784922e-07
6,25,-1.1920928955078125e-06,7.093767635524273e-07,-1.9014696590602398e-06
6,26,-1.0356307029724121e-06,-1.504085958003998e-07,-8.852221071720123e-07
6,27,0.0,9.548966772854328e-08,-9.548966772854328e-08
6,28,,5.238689482212067e-10,
6,29,,5.820766091346746e-11,
6,30,,3.4924596548080444e-10,
6,31,,0.0,
7,1,0.0003144964575767454,3.269087756052613e-08,0.0003144637666991849
7,2,0.38299551606178284,-1.8386344891041517e-08,0.38299553444812773
7,3,0.012049112468957894,5.058973329141736e-08,0.012049061879224603
7,4,0.0027425140142440796,7.913331501185895e-08,0.0027424348809290677
7,5,0.0004915110766887665,-2.1478626877069473e-08,0.0004915325553156435
7,6,0.04075390100479123,2.2046151570975764e-09,0.040753898800176075
7,7,0.18445885181427002,4.8712536226958036e-08,0.1844588031017338
7,8,0.005797892808914163,1.463195076212287e-08,0.005797878176963401
7,9,-5.286186933517456e-06,-2.3355823941528797e-09,-5.283851351123303e-06
7,10,0.0057048499584198,4.087632987648249e-08,0.005704809082089923
7,11,0.0011399909853935211,1.2527743820101025e-07,0.0011398657079553201
7,12,0.008116427809000015,-2.719752956181765e-08,0.008116455006529577
7,13,0.008670404553413353,2.7066562324762344e-09,0.00867040184675712
7,14,0.0005224607884883881,-2.7699570637196302e-08,0.0005224884880590253
7,15,0.004318948835134503,-2.1085725165903568e-08,0.004318969920859669
7,16,-0.00021781772375103998,-2.3072061594575647e-08,-0.0002177946516894454
7,17,0.002708595246076584,2.9445800464600328e-08,0.0027085658002761193
7,18,0.3926832675933838,0.0004739068681374067,0.39220936072524637
7,19,0.24351966381072998,-2.4607288651168346e-08,0.24351968841801863
7,20,-0.0008639134466647914,-3.5190169000998146e-08,-0.0008638782564957904
7,21,0.02635556459426878,3.447785275056958e-07,0.026355219815741276
7,22,-7.62939453125e-06,-4.8494257498532534e-08,-7.5809002737514675e-06
7,23,0.000103473663330075,-5.136826075613499e-08,0.00010352503159083113
7,24,-7.53253698348999e-06,3.6248820833861834e-08,-7.568785804323852e-06
7,25,-7.62939453125e-06,1.6092235455289483e-07,-7.790316885802895e-06
7,26,0.000103473663330075,-3.596142050810158e-08,0.0001035096247505831
7,27,0.0,2.2373569663614038e-08,-2.2373569663614038e-08
7,28,,0.0,
7,29,,3.1213858164846897e-09,
7,30,,-2.182787284255027e-11,
7,31,,0.0,
8,1,0.0010882854461669784,1.969409640878439e-05,0.001068591349758194
8,2,0.38202706575393675,-3.243490937165916e-06,0.3820303092448739
8,3,0.004165077209472646,8.901115506887436e-07,0.004164187097921958
8,4,0.009954786300659175,2.7206144295628933e-05,0.009927580156363545
8,5,-0.0007587313652038574,-3.934197593480349e-06,-0.000754797167610377
8,6,0.02529537677764892,-6.482950993813574e-06,0.025301859728642732
8,7,0.10392265319824219,4.717032425105573e-06,0.10391793616581708
8,8,0.022574615478515612,0.00019205233547835916,0.022382563143037253
8,9,-0.0020165562629699606,8.392235031351447e-07,-0.0020173954864730957
8,10,0.008647823333740225,1.9794199033640325e-05,0.008628029134706585
8,11,-0.0010625839233398438,7.698910485487431e-05,-0.001139573028194718
8,12,0.026434588432312,-6.780392141081393e-06,0.026441368824453082
8,13,0.011972475051879863,7.127004209905863e-06,0.011965348047669957
8,14,0.00988378524780273,-6.922113243490457e-06,0.009890707361046221
8,15,0.011434459686279267,-2.691915142349899e-06,0.011437151601421617
8,16,-6.798505783080055e-05,-6.024551112204789e-06,-6.196050671859576e-05
8,17,0.011289608478546152,9.168084943667054e-06,0.011280440393602485
8,18,0.26898193359375,0.2819923534989357,-0.0130104199051857
8,19,0.16307239532470702,-6.68935535941273e-06,0.16307908468006643
8,20,-0.004388880729675279,-7.133610779419542e-06,-0.004381747118895859
8,21,0.016382861137390133,0.029671704163774848,-0.013288843026384715
8,22,-0.00047360658645629884,-7.373251719400287e-06,-0.00046623333473689855
8,23,-0.000473475456237793,-7.421665941365063e-06,-0.00046605379029642793
8,24,3.62396240234375e-06,1.6664169379509985e-05,-1.3040206977166235e-05
8,25,3.5095214843739996e-05,0.0007796340505592525,-0.0007445388357155125
8,26,4.470348358154297e-06,-6.532151019200683e-06,1.100249937735498e-05
8,27,0.0,1.3709126506000757e-05,-1.3709126506000757e-05
8,28,,-2.110027708113194e-08,
8,29,,-2.1012965589761737e-08,
8,30,,4.769535735249519e-07,
8,31,,0.0,
9,1,-1.7195940017700195e-05,1.7087440937757492e-06,-1.8904684111475945e-05
9,2,0.2649275213479996,-3.7597492337226868e-06,0.2649312810972333
9,3,0.002358183264732361,-2.8151553124189377e-06,0.0023609984200447798
9,4,0.0021090805530548,-7.124152034521103e-06,0.002116204705089321
9,5,0.000360637903213501,-3.4836120903491974e-06,0.0003641215153038502
9,6,0.006353899836540197,-4.038680344820023e-06,0.006357938516885017
9,7,0.04604582488536835,-6.258487701416016e-07,0.04604645073413849
9,8,0.004866600036621075,2.1715648472309113e-05,0.0048448843881487656
9,9,-0.00023741275072097778,7.472001016139985e-06,-0.00024488475173711777
9,10,0.003319308161735522,1.2245960533618927e-05,0.003307062201201903
9,11,0.0005451440811157102,1.2161210179328918e-05,0.0005329828709363813
9,12,0.005620494484901422,-5.894573405385017e-06,0.005626389058306807
9,13,0.002463355660438522,3.052409738302231e-06,0.0024603032507002198
9,14,0.0003632158041000366,-6.85267150402069e-06,0.0003700684756040573
9,15,0.0011473894119262695,-3.4063123166561127e-06,0.0011507957242429256
9,16,-3.7193298339825e-05,-1.8826685845851898e-06,-3.531062975523981e-05
9,17,0.0021826326847076416,3.091059625148773e-06,0.002179541625082493
9,18,0.288646399974823,0.006418982520699501,0.2822274174541235
9,19,0.08903463184833525,-6.866874173283576e-06,0.08904149872250854
9,20,-0.0006508678197860562,-7.1285758167505264e-06,-0.0006437392439693056
9,21,0.010381966829299911,9.785871952770891e-05,0.010284108109772202
9,22,-2.4735927581787114e-06,-8.53673554956913e-06,6.063142791390419e-06
9,23,7.477402687072754e-05,-8.342554792761803e-06,8.311658166348934e-05
9,24,7.2479248046875e-05,8.720438927412033e-06,6.375880911946297e-05
9,25,1.2874603271484375e-05,3.584567457436734e-05,-2.2971071302882965e-05
9,26,0.0,-6.1250757426023475e-06,6.1250757426023475e-06
9,27,0.0,7.659662514925003e-06,-7.659662514925003e-06
9,28,,-5.569308996200562e-07,
9,29,,-1.1641532182693481e-08,
9,30,,-1.0710209608078003e-08,
9,31,,0.0,
10,1,-0.0005249559879302978,8.095666998997332e-07,-0.0005257655546301975
10,2,0.41469516754150393,-9.435461834073067e-07,0.41469611108768734
10,3,0.008963143825531006,5.312904249876738e-07,0.008962612535106019
10,4,0.005560922622680655,-2.2316817194223404e-07,0.005561145790852597
10,5,0.0015749216079711914,-1.0672956705093384e-06,0.0015759889036417007
10,6,0.03667266368865966,5.730253178626299e-07,0.036672090663341796
10,7,0.19096050262451172,8.660135790705681e-07,0.19095963661093265
10,8,0.018188393115997303,1.1291354894638062e-05,0.018177101761102665
10,9,-0.0015284061431884766,9.934883564710615e-07,-0.0015293996315449477
10,10,0.006779658794403061,2.0567094907164574e-06,0.006777602084912344
10,11,-4.163980484008914e-05,5.248861270956695e-06,-4.6888666111045834e-05
10,12,0.02521923780441282,-1.4423276297748089e-06,0.025220680132042594
10,13,0.009147977828979473,-8.497008820995688e-07,0.009148827529861573
10,14,0.0014688491821289013,-1.2936652638018131e-06,0.0014701428473927031
10,15,0.004680848121643067,-1.16208684630692e-06,0.004682010208489374
10,16,0.0006468534469604442,-1.089530996978283e-06,0.0006479429779574225
10,17,0.0036752253770828297,1.1146767064929008e-06,0.0036741107003763368
10,18,0.39206695556640625,0.15476864017546174,0.2372983153909445
10,19,0.20391545295715333,-1.339038135483861e-06,0.2039167919952888
10,20,-0.0023684680461883443,-1.5539262676611543e-06,-0.002366914119920683
10,21,0.010740351676940898,9.875377872957842e-05,0.010641597898211319
10,22,-1.2516975402832032e-07,-1.7036509234458208e-06,1.5784811694175004e-06
10,23,0.0002958953380584717,-1.6912672435864806e-06,0.00029758660530205817
10,24,2.460479736328125e-05,1.1572847142815588e-06,2.344751264899969e-05
10,25,4.611015319823719e-05,1.1492054909467697e-05,3.461809828876949e-05
10,26,2.460479736328125e-05,-1.370062818750739e-06,2.597486018203199e-05
10,27,0.0,8.462520781904459e-07,-8.462520781904459e-07
10,28,,0.0,
10,29,,-8.923234418034554e-08,
10,30,,5.820766091346741e-11,
10,31,,0.0,
11,1,-6.899237632751465e-05,7.62520357966423e-09,-6.900000153109431e-05
11,2,0.4382106065750122,-6.271875463426114e-09,0.43821061284688767
11,3,0.007203578948974625,6.402842700481416e-10,0.007203578308690355
11,4,0.013100683689117428,1.2834789231419563e-08,0.013100670854328197
11,5,-0.00039111077785491943,-2.3865140974521637e-09,-0.000391108391340822
11,6,0.0721002072095871,1.0768417268991466e-09,0.07210020613274537
11,7,0.23173260688781738,6.330083124339581e-09,0.23173260055773426
11,8,0.01440882682800293,6.941263563930989e-09,0.014408819886739366
11,9,-0.0007172822952270508,1.2194504961371422e-08,-0.0007172944897320122
11,10,0.009349808096885681,1.84372765943408e-08,0.009349789659609087
11,11,0.0012621581554412842,7.722701411694288e-08,0.0012620809284271672
11,12,0.04215314984321594,-7.566995918750763e-09,0.04215315741021186
11,13,0.02748875319957732,3.1577656045556077e-09,0.027488750041811717
11,14,0.0056221336126327515,-1.151056494563818e-08,0.005622145123197697
11,15,0.018064320087432847,-8.207280188798904e-09,0.018064328294713036
11,16,-0.0002170652151107788,-2.6775524020195007e-09,-0.0002170625375583768
11,17,0.026707261800765977,2.313754521310329e-09,0.026707259487011456
11,18,0.4838418960571289,0.00012074306141584174,0.48372115299571306
11,19,0.25579017400741577,-7.639755494892597e-09,0.25579018164717127
11,20,-0.004573389887809753,-1.552689354866743e-08,-0.004573374360916205
11,21,0.06282156705856323,1.3568205758929253e-07,0.06282143137650564
11,22,-0.0007984638214111328,-1.9841536413878202e-08,-0.0007984439798747189
11,23,7.2479248046875e-05,-2.2497260943055153e-08,7.250174530781806e-05
11,24,-0.000392913818359375,1.8335413187742237e-08,-0.00039293215377256274
11,25,-0.00046539306640625,4.42523742094636e-08,-0.00046543731878045946
11,26,0.0,-9.851646609604359e-09,9.851646609604359e-09
11,27,0.0,6.315531209111214e-09,-6.315531209111214e-09
11,28,,-6.984919309616089e-10,
11,29,,-3.346940502524376e-10,
11,30,,-1.0477378964424133e-09,
11,31,,0.0,
12,1,-0.0011826753616333008,3.393797669559717e-06,-0.0011860691593028605
12,2,0.1968848705291748,-1.200241968035698e-06,0.19688607077114284
12,3,0.0006009340286255039,1.0439252946525812e-06,0.0005998901033308513
12,4,-0.00038766860961912496,1.4105316950008275e-05,-0.00040177392656913323
12,5,0.001103043556213379,2.5468762032687664e-07,0.001102788868593052
12,6,0.010349750518798825,-1.1942756827920675e-06,0.010350944794481617
12,7,0.02236366271972655,3.869965439662337e-06,0.022359792754286886
12,8,-0.0002211332321167039,1.0847288649529219e-06,-0.00022221796098165683
12,9,0.0001938939094543363,4.952307790517807e-06,0.0001889416016638185
12,10,0.0036174058914184384,4.0965096559375525e-06,0.003613309381762501
12,11,0.0007288455963134734,1.2314965715631843e-05,0.0007165306305978416
12,12,0.003628849983215332,-1.581560354679823e-06,0.003630431543570012
12,13,0.0015128850936889523,-8.86240741237998e-07,0.0015137713344301903
12,14,0.000859975814819314,-1.9500439520925283e-06,0.0008619258587714066
12,15,0.0018280744552612023,-6.813497748225928e-07,0.0018287558050360249
12,16,-0.0007435083389282227,-1.084175892174244e-06,-0.0007424241630360484
12,17,0.0005562305450439468,1.3767566997557878e-06,0.000554853788344191
12,18,0.1027545928955078,0.22963812202215195,-0.12688352912664413
12,19,0.054089546203613274,-1.74963497556746e-06,0.05409129583858884
12,20,-0.002613306045532211,-2.0201841834932566e-06,-0.0026112858613487177
12,21,0.008629679679870605,0.0010117674246430397,0.007617912255227566
12,22,-0.0002778172492980832,-2.1498417481780052e-06,-0.0002756674075499052
12,23,-3.1948089599609375e-05,-2.2538297343999147e-06,-2.969425986520946e-05
12,24,-6.270408630370937e-05,6.4752239268273115e-06,-6.917931023053668e-05
12,25,-0.00011897087097167498,4.0550949051966826e-05,-0.0001595218200236418
12,26,-3.814697265625e-05,-1.6998965293169022e-06,-3.64470761269331e-05
12,27,0.0,2.145621692761779e-06,-2.145621692761779e-06
12,28,,-1.1609517969191074e-07,
12,29,,-3.6088749766349792e-09,
12,30,,-3.725290298461914e-09,
12,31,,0.0,
13,1,0.014452672004699707,4.729372449219227e-09,0.014452667275327258
13,2,0.40428619384765624,-1.2456439435482027e-08,0.4042862063040957
13,3,-0.011301136016845712,-6.4319465309381485e-09,-0.011301129584899181
13,4,0.04578213691711426,4.049798008054495e-08,0.04578209641913418
13,5,0.0030247688293457134,-1.4566467143595219e-08,0.003024783395812857
13,6,0.08812017440795898,-4.496541805565357e-09,0.08812017890450079
13,7,0.18469161987304686,-7.799826562404633e-09,0.18469162767287342
13,8,0.05964326858520508,1.8917489796876907e-08,0.05964324966771528
13,9,-0.012259459495544434,3.6030542105436325e-08,-0.01225949552608654
13,10,0.036603450775146484,-1.1030351743102075e-08,0.03660346180549823
13,11,-0.0156726837158203,6.119080353528263e-08,-0.015672744906623834
13,12,0.11763277053833006,-2.3777829483151442e-08,0.11763279431615954
13,13,0.08897123336791993,-2.077285898849368e-08,0.08897125414077892
13,14,0.04064993858337401,-3.325112629681826e-08,0.04064997183450031
13,15,0.04649114608764647,-1.2048985809087753e-08,0.04649115813663228
13,16,-0.0031020641326904197,2.4156179279088966e-09,-0.0031020665483083476
13,17,0.03398127555847169,1.2660166248679161e-08,0.03398126289830544
13,18,0.49974365234375,3.6222743801763216e-05,0.49970742959994824
13,19,0.2242137908935547,-2.7575879357755184e-08,0.22421381846943406
13,20,-0.027661991119384742,-2.1085725165903568e-08,-0.027661970033659576
13,21,0.08846254348754881,3.870518412441015e-07,0.08846215643570757
13,22,-0.00011975765228269486,-2.031447365880013e-08,-0.00011973733780903606
13,23,0.0,-4.67553036287427e-08,4.67553036287427e-08
13,24,5.18798828125e-05,6.252957973629236e-08,5.1817353232763706e-05
13,25,0.0,1.7299316823482513e-07,-1.7299316823482513e-07
13,26,1.239776611328125e-06,-1.3707904145121576e-08,1.2534845154732466e-06
13,27,0.0,8.96397978067398e-09,-8.96397978067398e-09
13,28,,4.089088179171085e-09,
13,29,,-4.729372449219228e-09,
13,30,,-7.275957614183426e-10,
13,31,,0.0,
14,1,0.005329132080078125,5.719717592000961e-06,0.005323412362486124
14,2,0.5006046295166016,-4.070025170221925e-06,0.5006086995417718
14,3,0.023181915283203125,-7.109192665666342e-06,0.02318902447586879
14,4,0.026099205017089826,0.0001487201952841133,0.025950484821805713
14,5,0.001326560974121075,-4.1228486225008965e-06,0.001330683822743576
14,6,0.10149168968200684,-7.539842044934631e-06,0.10149922952405177
14,7,0.2725207805633545,5.7902943808585405e-06,0.27251499026897363
14,8,0.053096771240234375,0.0001718806743156165,0.05292489056591876
14,9,-0.011877536773681618,-3.3556425478309393e-06,-0.011874181131133787
14,10,0.022612810134887695,3.840646240860067e-05,0.022574403672479093
14,11,0.00052404403686525,0.00016055451123975217,0.0003634895256254978
14,12,0.1002228260040283,-1.259522105101496e-05,0.10023542122507932
14,13,0.037984609603881836,-3.3131218515336514e-06,0.03798792272573337
14,14,0.03689384460449219,-1.3091921573504806e-05,0.03690693652606569
14,15,0.030019879341125474,-7.080408977344632e-06,0.03002695975010282
14,16,-0.002684116363525369,-1.2666539987549186e-05,-0.0026714498235378198
14,17,0.03874635696411135,1.1842639651149511e-06,0.038745172700146234
14,18,0.65252685546875,0.2521377485245466,0.4003891069442034
14,19,0.31214427947998047,-1.3713870430365205e-05,0.31215799335041083
14,20,-0.016172409057617188,-1.4551857020705938e-05,-0.01615785720059648
14,21,0.09337615966796875,0.0003585832891985649,0.09301757637877019
14,22,0.001472830772399915,-1.5162659110501409e-05,0.0014879934315104163
14,23,0.0,-1.5167257515713573e-05,1.5167257515713573e-05
14,24,1.33514404296875e-05,3.8274069083854556e-05,-2.4922628654167056e-05
14,25,0.001739501953125,0.00029394379816948115,0.001445558154955519
14,26,1.621246337890625e-05,-1.3701821444556117e-05,2.9914284823462367e-05
14,27,0.0,-7.716880645602942e-07,7.716880645602942e-07
14,28,,-2.562999725341797e-06,
14,29,,-8.942151907831429e-07,
14,30,,-8.947099559009074e-07,
14,31,,0.0,
15,1,0.0005859583616256714,3.233435563743115e-08,0.000585926027270034
15,2,0.45899246260523796,1.9965227693319324e-08,0.45899244264001027
15,3,0.0023343367502093315,-1.9790604710578943e-09,0.0023343387292698026
15,4,0.010986437555402517,1.8801074475049973e-08,0.010986418754328042
15,5,-0.00019630556926130622,3.47441527992487e-07,-0.0001966530107892987
15,6,0.025888941250741482,-3.3382093533873565e-08,0.025888974632835016
15,7,0.16481435857713223,5.7945726439356804e-08,0.16481430063140579
15,8,0.007386606186628342,5.142937880009414e-07,0.007386091892840341
15,9,-0.0007924959063529968,3.1141098588705088e-09,-0.0007924990204628557
15,10,0.003611405845731497,1.5372643247246742e-07,0.0036112521192990243
15,11,0.0007800692692399025,1.5985569916665554e-06,0.0007784707122482359
15,12,0.014163925312459469,-8.483766578137875e-08,0.01416401015012525
15,13,0.00842741597443819,-2.7968781068921096e-08,0.00842744394321926
15,14,0.0018588784150779247,-5.1833922043442726e-08,0.0018589302489999682
15,15,0.002625684253871441,-5.602487362921238e-08,0.00262574027874507
15,16,-2.8405338525772084e-07,-4.5722117647528655e-08,-2.383312676101922e-07
15,17,0.004881518427282572,9.391806088387966e-08,0.004881424509221688
15,18,0.24610795825719833,0.015021707862615566,0.23108625039458278
15,19,0.15531952399760482,-5.829497240483761e-08,0.15531958229257722
15,20,-0.0008986631873995066,-1.178268576040864e-07,-0.0008985453605419025
15,21,0.004185274243354797,1.0465155355632305e-06,0.004184227727819234
15,22,-0.00019553862512111038,-1.4150282368063927e-07,-0.00019539712229742974
15,23,-0.00019477680325507492,-1.395528670400381e-07,-0.00019463725038803488
15,24,-0.00019520521163939804,2.744200173765421e-07,-0.00019547963165677458
15,25,-0.000103473663330075,3.178720362484455e-07,-0.00010379153536632344
15,26,-0.000195503234863275,-9.906943887472154e-08,-0.00019540416542440027
15,27,0.0,8.038477972149849e-08,-8.038477972149849e-08
15,28,,1.2223608791828156e-09,
15,29,,1.5425030142068863e-09,
15,30,,0.0,
15,31,,0.0,
16,1,0.002624511718750025,2.4680048227310184e-08,0.002624487038701798
16,2,0.497894287109375,-1.8299033399671316e-08,0.4978943054084084
16,3,0.016636729240417498,-1.2201780918985605e-08,0.016636741442198417
16,4,0.0251922607421875,1.737935235723853e-07,0.025192086948663928
16,5,0.0011539459228515625,-1.991429599002004e-08,0.0011539658371475525
16,6,0.058713912963867174,-2.6826455723494295e-08,0.0587139397903229
16,7,0.2767791748046875,2.26260453928262e-07,0.27677894854423357
16,8,0.0095071792602539,2.2936001187190413e-07,0.009506949900242027
16,9,-0.002905845642089825,1.5090336091816425e-08,-0.002905860732425917
16,10,0.0033454895019531,1.2086820788681507e-07,0.003345368633745213
16,11,0.0056734085083008,3.64263541996479e-07,0.005673044244758804
16,12,0.058238983154296875,-6.283516995608807e-08,0.05823904598946683
16,13,0.0178680419921875,-7.399648893624546e-09,0.017868049391836394
16,14,0.023725509643554674,-7.495691534131765e-08,0.023725584600470015
16,15,0.023590087890625,-3.752211341634393e-08,0.023590125412738416
16,16,0.004876613616943363,-5.5275449994951487e-08,0.004876668892393358
16,17,0.014596939086914062,7.036578608676793e-08,0.014596868721127976
16,18,0.548583984375,0.016775409691035734,0.5318085746839643
16,19,0.203033447265625,-6.717891665175558e-08,0.20303351444454165
16,20,-0.0084238052368164,-7.850394467823207e-08,-0.008423726732871721
16,21,0.025180816650390625,1.4570774510502815e-05,0.025166245875880122
16,22,-0.000464439392089825,-9.127688826993108e-08,-0.00046434811520155506
16,23,0.0003385543823242375,-9.281211532652378e-08,0.00033864719443956403
16,24,8.29696655273375e-05,8.330243872478604e-08,8.288636308861272e-05
16,25,2.09808349609375e-05,1.0724179446697235e-06,1.9908417016267776e-05
16,26,6.12735748291e-05,-6.288610165938735e-08,6.133646093075939e-05
16,27,0.0,1.6952981241047384e-09,-1.6952981241047384e-09
16,28,,5.631591193377972e-09,
16,29,,5.318725015968084e-09,
16,30,,-3.4924596548080444e-10,
16,31,,0.0,
17,1,-0.0002593547105788997,3.9810402086004615e-08,-0.0002593945209809857
17,2,0.43710456788539886,-2.7357600629329685e-08,0.4371045952429995
17,3,0.00037726759910584125,-1.4486431609839201e-08,0.0003772820855374511
17,4,0.003317534923553467,5.575275281444192e-07,0.0033169773960253224
17,5,0.0004373937845229915,-5.486072041094303e-09,0.0004373992705950326
17,6,0.02079159021377562,-3.9508449845016e-09,0.020791594164620605
17,7,0.09700584411621092,3.383320290595294e-08,0.09700581028300802
17,8,0.00891183316707611,7.724520401097834e-08,0.0089117559218721
17,9,-0.00048008561134337127,1.0047369869425894e-07,-0.0004801860850420655
17,10,0.002448827028274536,1.5034311218187213e-07,0.0024486766851623543
17,11,0.0005614832043647766,3.523491614032537e-07,0.0005611308552033734
17,12,0.017200231552124023,-3.4033291740342975e-08,0.017200265585415764
17,13,0.008850693702697738,2.707383828237653e-08,0.008850666628859456
17,14,0.0017942041158676147,-4.4597982196137316e-08,0.0017942487138498109
17,15,0.002689450979232788,-8.09086486697197e-09,0.002689459070097655
17,16,0.00010213255882263182,-2.5844201445579532e-08,0.0001021584030240774
17,17,0.006444022059440613,2.2071617422625422e-08,0.00644399998782319
17,18,0.5104522705078125,0.023486785823479274,0.4869654846843332
17,19,0.2118675708770752,-4.005050868727267e-08,0.21186761092758388
17,20,-0.0013815313577651978,-4.916000762023032e-08,-0.0013814821977575775
17,21,0.026437565684318542,9.582872735336423e-07,0.02643660739704501
17,22,-0.0001382827758789,-5.556285032071173e-08,-0.00013822721302857928
17,23,-0.0001382827758789,-5.855326890014112e-08,-0.00013822422260999985
17,24,-0.00013801455497741073,3.978493623435497e-08,-0.00013805433991364509
17,25,0.0,2.614688128232956e-07,-2.614688128232956e-07
17,26,0.0,-3.985041985288263e-08,3.985041985288263e-08
17,27,0.0,2.204615157097578e-08,-2.204615157097578e-08
17,28,,2.8230715543031693e-09,
17,29,,-3.637978807091713e-10,
17,30,,0.0,
17,31,,0.0,
18,1,0.0013183653354644775,2.291527925990522e-05,0.0012954500562045723
18,2,0.36414647102355957,-8.472125045955181e-06,0.3641549431486055
18,3,0.10203197598457335,5.351437721401453e-06,0.10202662454685195
18,4,0.009528398513793924,0.00018427520990371704,0.009344123303890207
18,5,0.0017292797565460205,-1.4122342690825462e-05,0.001743402099236846
18,6,0.03554189205169678,1.7059501260519028e-06,0.035540186101570725
18,7,0.22883033752441406,5.7855271734297276e-05,0.22877248225267977
18,8,0.0190918743610382,5.1725772209446754e-05,0.019040148588828753
18,9,0.0010139048099517822,7.262569852173328e-06,0.001006642240099609
18,10,0.017981529235839826,0.00010536113404667618,0.01787616810179315
18,11,0.0017847120761871338,0.00016306497855111957,0.0016216470976360142
18,12,0.018669039011001587,-1.3871060218662024e-05,0.01868291007122025
18,13,0.016769409179687486,-6.48896093480289e-06,0.01677589814062229
18,14,0.0020324885845184187,-1.3041310012340546e-05,0.0020455298945307593
18,15,0.0060028135776519775,4.3361796997487545e-06,0.005998477397952229
18,16,-0.0009906589984893673,-1.054431777447462e-05,-0.0009801146807148927
18,17,0.0116366446018219,1.4484627172350885e-05,0.011622159974649549
18,18,0.40561676025390625,0.275085873901844,0.13053088635206223
18,19,0.21064734458923337,-1.1245501809753478e-05,0.21065859009104312
18,20,-0.004018634557723987,-1.516586053185165e-05,-0.004003468697192135
18,21,0.03168904781341553,0.003089964622631669,0.02859908319078386
18,22,-5.7816505432116404e-05,-1.6780119040049613e-05,-4.103638639206679e-05
18,23,3.665685653686524e-06,-1.679697015788406e-05,2.0462655811570585e-05
18,24,0.0,1.4492543414235117e-05,-1.4492543414235117e-05
18,25,0.00040909647941589355,0.00010732718510551991,0.0003017692943103736
18,26,0.00040909647941589355,-1.4231540262699127e-05,0.0004233280196785927
18,27,0.0,2.3248372599482536e-05,-2.3248372599482536e-05
18,28,,2.3174216039478783e-06,
18,29,,2.264976501464844e-06,
18,30,,5.21540641784668e-08,
18,31,,0.0,
19,1,-0.00045344978570937953,1.4461693353950977e-06,-0.00045489595504477463
19,2,0.31186389923095703,-5.359179340302945e-07,0.31186443514889106
19,3,0.006455324590206146,2.1612504497170448e-07,0.0064551084651611745
19,4,0.003929138183593731,2.139247953891754e-06,0.003926998935639839
19,5,-0.00022147595882414522,-3.1944364309310913e-07,-0.0002211565151810521
19,6,0.028881698846817006,-3.543682396411896e-07,0.028882053215056647
19,7,0.19107818603515625,4.159519448876381e-07,0.19107777008321136
19,8,0.004111461341381061,5.433103069663048e-07,0.0041109180310740946
19,9,0.0012695230543613215,1.801876351237297e-06,0.0012677211780100842
19,10,0.003404207527637469,2.0427978597581387e-06,0.003402164729777711
19,11,0.0005885474383830805,5.969952326267958e-06,0.0005825774860568126
19,12,0.015630722045898438,-7.784110493957996e-07,0.015631500456947833
19,13,0.008929982781410209,-2.868473529815674e-07,0.00893026962876319
19,14,0.0016825273633003205,-9.832438081502914e-07,0.0016835106071084707
19,15,0.005506105720996838,-3.796885721385479e-07,0.005506485409568976
19,16,0.0005217418074607849,-2.67871655523777e-07,0.0005220096791163087
19,17,0.00753057748079298,4.1350722312927246e-07,0.007530163973569851
19,18,0.34412384033203125,0.02377073466777801,0.32035310566425323
19,19,0.16829493641853333,-8.179922588169575e-07,0.16829575441079214
19,20,-0.001963250339031207,-1.021981006488204e-06,-0.0019622283580247187
19,21,0.0288550406694412,1.8438324332237244e-05,0.02883660234510896
19,22,0.0,-1.2284726835787296e-06,1.2284726835787296e-06
19,23,1.0132789611816406e-06,-1.2484088074415922e-06,2.261687768623233e-06
19,24,-0.00022214651107786836,1.1378433555364609e-06,-0.00022328435443340482
19,25,0.0,3.942754119634628e-06,-3.942754119634628e-06
19,26,0.00024618953466414153,-9.43720806390047e-07,0.0002471332554705316
19,27,0.0,7.14440830051899e-07,-7.14440830051899e-07
19,28,,-6.583286449313164e-08,
19,29,,1.5011755749583244e-07,
19,30,,6.7870132625103e-08,
19,31,,0.0,
20,1,0.030177712440490723,-2.7290661819279194e-07,0.030177985347108915
20,2,0.49921953678131104,-3.3574178814887995e-07,0.4992198725230992
20,3,0.0032808780670165894,-1.3664248399436474e-07,0.003281014709500584
20,4,0.13928529620170593,7.508671842515469e-06,0.13927778752986342
20,5,-0.008554577827453625,3.620516508817674e-08,-0.008554614032618714
20,6,0.18875077366828918,6.208603736013174e-06,0.18874456506455317
20,7,0.29958295822143555,-3.791647031903267e-07,0.29958333738613874
20,8,0.17774644494056702,8.861534297466278e-07,0.17774555878713727
20,9,-0.017994046211242662,-4.176981747150421e-07,-0.017993628513067947
20,10,0.13815376162528992,-3.83937731385231e-07,0.1381541455630213
20,11,0.0005991458892822266,3.7640566006302838e-06,0.0005953818326815963
20,12,0.09828400611877441,-3.6478741094470024e-07,0.09828437090618536
20,13,0.12795281410217285,1.9525759853422642e-07,0.12795261884457432
20,14,0.02999785542488098,-2.2721360437572002e-07,0.029998082638485357
20,15,-0.008605331182479858,-2.310844138264656e-07,-0.008605100098066032
20,16,-0.008957594633102417,-2.819579094648361e-07,-0.008957312675192952
20,17,0.10641482472419737,3.457535058259964e-07,0.10641447897069155
20,18,0.47368574142456055,0.0694012944586575,0.40428444696590304
20,19,0.24462556838989258,-3.288732841610909e-07,0.24462589726317674
20,20,-0.10456140339374542,-5.000620149075985e-07,-0.10456090333173051
20,21,0.02895954251289367,0.00013139517977831872,0.02882814733311535
20,22,-6.648898124693575e-05,-5.990732461214066e-07,-6.588990800081434e-05
20,23,-6.160140037535372e-05,-6.312038749456406e-07,-6.0970196500408075e-05
20,24,0.0,6.329501047730445e-07,-6.329501047730445e-07
20,25,2.503395080566406e-06,5.546840839087963e-06,-3.0434457585215573e-06
20,26,0.0,-4.543107934296131e-07,4.543107934296131e-07
20,27,0.0,-7.39819370210171e-08,7.39819370210171e-08
20,28,,-4.2433384805917746e-08,
20,29,,5.675246939063072e-09,
20,30,,-9.313225746154785e-10,
20,31,,0.0,
21,1,0.005045652389526386,-1.6065314412117004e-08,0.005045668454840798
21,2,0.5002152919769287,-1.0775984264910221e-06,0.5002163695753552
21,3,0.0034689903259277344,-3.8335565477609634e-07,0.0034693736815825105
21,4,0.030799269676208482,2.2101448848843575e-06,0.030797059531323598
21,5,-0.0037165880203247196,-4.931353032588958e-07,-0.0037160948850214607
21,6,0.05286204814910889,9.19681042432785e-09,0.05286203895229846
21,7,0.1781214475631714,1.5159603208303452e-06,0.17811993160285056
21,8,0.019366145133972154,1.0177958756685257e-05,0.01935596717521547
21,9,-0.011197447776794446,-6.029149517416955e-07,-0.011196844861842704
21,10,0.012269258499145484,2.8662616387009625e-06,0.012266392237506783
21,11,-0.003023982048034668,1.6924284864217043e-05,-0.003040906332898885
21,12,0.06888139247894284,-1.3080425560474396e-06,0.06888270052149889
21,13,0.017609715461730957,-5.596666596829892e-07,0.01761027512839064
21,14,0.022752046585082994,-1.411943230777979e-06,0.022753458528313772
21,15,0.02274382114410399,-1.0065268725156784e-06,0.022744827670976506
21,16,0.003106713294982929,-1.2335367500782013e-06,0.003107946831733007
21,17,0.03051245212554934,-6.851041689515114e-07,0.030513137229718292
21,18,0.5486259460449219,0.0028373673558235108,0.5457885786890984
21,19,0.2205219268798828,-1.0738731361925602e-06,0.220523000753019
21,20,-0.012797713279724102,-1.5853438526391983e-06,-0.012796127935871463
21,21,0.053613305091857896,7.805880159139633e-06,0.05360549921169876
21,22,-0.0014652013778686523,-1.8062419258058071e-06,-0.0014633951359428465
21,23,-0.00141143798828125,-1.8575810827314854e-06,-0.0014095804071985185
21,24,-0.001461029052734375,2.680928446352482e-06,-0.0014637099811807275
21,25,0.0,1.2177973985671997e-05,-1.2177973985671997e-05
21,26,-0.00141143798828125,-1.367239747196436e-06,-0.0014100707485340536
21,27,0.0,7.438939064741135e-08,-7.438939064741135e-08
21,28,,-9.313225746154785e-10,
21,29,,4.190951585769653e-09,
21,30,,0.0,
21,31,,0.0,
22,1,0.0074920654296875,-4.489673301577568e-06,0.007496555102989078
22,2,0.5036544799804688,-2.6695430278759326e-05,0.5036811754107475
22,3,0.0018188953399658203,4.316866397857666e-05,0.0017757266759872437
22,4,0.020490884780883775,5.283439531922184e-05,0.020438050385564552
22,5,0.000577449798584,-2.5793444365262985e-05,0.000603243242949263
22,6,0.0739595890045166,-3.763008862733841e-06,0.07396335201337934
22,7,0.1852092742919922,-2.70758755505085e-05,0.1852363501675427
22,8,0.031211137771606445,0.000294995959848153,0.030916141811758294
22,9,-0.00927615165710448,-2.6127789169534316e-05,-0.009250023867934946
22,10,0.021401166915893537,0.0004547256976366043,0.020946441218256933
22,11,0.005603790283203144,0.00017452379688618692,0.0054292664863169575
22,12,0.08892059326171875,-2.9972987249473287e-05,0.08895056624896823
22,13,0.037795305252075195,-1.83724332600832e-05,0.03781367768533528
22,14,0.0392467975616455,-1.23586505651474e-05,0.03925915621221065
22,15,0.041982412338256836,-1.269439235329628e-05,0.04199510673061013
22,16,0.002861976623535175,-2.8078909963366246e-05,0.0028900555334985412
22,17,0.04362463951110841,2.730637788772583e-06,0.04362190887331964
22,18,0.599884033203125,0.37904930114746094,0.22083473205566406
22,19,0.30267810821533203,-2.7338974177813153e-05,0.30270544718950987
22,20,-0.01547443866729735,-3.290129825472207e-05,-0.015441537369042628
22,21,0.1129913330078125,0.0013526678085327148,0.11163866519927979
22,22,0.001483678817749036,-3.717583604156502e-05,0.001520854653790601
22,23,0.001769065856933575,-3.72198410332156e-05,0.0018062856979667906
22,24,0.001733541488647461,9.845709428189935e-05,0.0016350843943655617
22,25,0.001539945602416986,0.0006119422614574432,0.0009280033409595427
22,26,2.3603439331035938e-05,-3.165099769828282e-05,5.5254437029318757e-05
22,27,0.0,4.6422239392972395e-05,-4.6422239392972395e-05
22,28,,2.3748725652694702e-08,
22,29,,-1.6838312149047852e-06,
22,30,,-9.778887033462524e-08,
22,31,,0.0,
23,1,-0.0001764595508575252,3.266031853854656e-07,-0.00017678615404291065
23,2,0.5075130462646484,-1.043081283569336e-07,0.5075131505727768
23,3,0.0012728869915008575,1.5873229131102562e-07,0.0012727282592095465
23,4,0.0054600238800048715,4.035828169435263e-06,0.005455988051835436
23,5,0.00043717026710510254,-1.3579847291111946e-07,0.00043730606557801366
23,6,0.024170398712158203,2.5203917175531384e-08,0.024170373508241028
23,7,0.21277999877929688,7.730559445917606e-07,0.21277922572335228
23,8,0.005718126893043518,5.582114681601524e-07,0.005717568681575358
23,9,0.000932842493057251,9.033828973770143e-08,0.0009327521547675133
23,10,0.005706787109375,1.6897683963179588e-07,0.005706618132535368
23,11,0.000702679157257055,7.074442692101001e-06,0.000695604714564954
23,12,0.01648661494255066,-3.0134106054902077e-07,0.016486916283611208
23,13,0.017275333404541,-1.46887032315135e-07,0.017275480291573313
23,14,0.005183607339858997,-3.1696981750428677e-07,0.005183924309676501
23,15,0.009326428174972532,-1.994776539504528e-07,0.009326627652626483
23,16,0.0007951557636260986,-1.2351665645837784e-07,0.000795279280282557
23,17,0.0055147260427474976,-4.598405212163925e-09,0.00551473064115271
23,18,0.5924072265625,0.06701574241742492,0.5253914841450751
23,19,0.2905998229980469,-2.3166649043560028e-07,0.2906000546645373
23,20,-0.00138913094997406,-3.430759534239769e-07,-0.001388787874020636
23,21,0.04381325840950012,1.082464586943388e-05,0.04380243376363069
23,22,0.00013771653175353378,-4.0323357097804546e-07,0.00013811976532451182
23,23,0.0,-4.128378350287676e-07,4.128378350287676e-07
23,24,-4.488229751585664e-05,2.0331935957074165e-07,-4.508561687542738e-05
23,25,0.0,1.535983756184578e-06,-1.535983756184578e-06
23,26,0.0,-2.6694033294916153e-07,2.6694033294916153e-07
23,27,0.0,6.862683221697809e-08,-6.862683221697809e-08
23,28,,7.275957614183426e-09,
23,29,,-2.025626599788666e-08,
23,30,,-2.048909664154053e-08,
23,31,,0.0,
24,1,0.00031137466430665315,0.0002527236938476625,5.865097045899066e-05
24,2,0.5007400512695312,-2.8610229492375e-06,0.5007429122924805
24,3,0.0023970603942871094,-0.0001659393310547,0.0025629997253418095
24,4,0.0004472732543945,-0.0004415512084961,0.0008888244628906001
24,5,0.00015020370483399687,-0.0005674362182616812,0.0007176399230956781
24,6,0.0009591579437255859,-4.33921813964625e-05,0.0010025501251220484
24,7,0.011779308319091774,-0.00071358680725095,0.012492895126342725
24,8,-0.0001411437988281094,0.0013625621795654171,-0.0015037059783935265
24,9,-0.0004854202270507531,0.00072956085205075,-0.001214981079101503
24,10,0.0005278587341308781,0.0007224082946777156,-0.0001945495605468375
24,11,0.0007423162460327336,0.00153827667236325,-0.0007959604263305164
24,12,0.004161119461059558,-0.00011086463928221718,0.004271984100341775
24,13,0.0013475418090820126,-0.0002272129058837828,0.0015747547149657954
24,14,0.0005623102188110352,-0.00041484832763671875,0.000977158546447754
24,15,0.0011148452758789062,-0.00016021728515625623,0.0012750625610351625
24,16,-0.00020813941955561405,-4.673004150392187e-05,-0.0001614093780516922
24,17,0.0025372505187988186,3.4809112548828125e-05,0.0025024414062499905
24,18,0.11885833740234375,0.017032623291015625,0.10182571411132812
24,19,0.0271615982055664,-0.0006713867187499751,0.027832984924316375
24,20,-0.0007998943328857109,-0.00044918060302732185,-0.000350713729858389
24,21,0.0023355484008789062,0.004421234130859375,-0.0020856857299804688
24,22,-0.0001239776611328,-0.000835418701171825,0.000711441040039025
24,23,5.7220458984375e-06,-0.00080728530883785,0.0008130073547362875
24,24,-9.5367431640625e-06,4.875659942626953e-05,-5.829334259033203e-05
24,25,-5.054473876951875e-05,0.00088119506835935,-0.0009317398071288687
24,26,1.0013580322265625e-05,-0.0001180171966552625,0.0001280307769775281
24,27,0.0,0.00011968612670898124,-0.00011968612670898124
24,28,,6.437301635741874e-05,
24,29,,3.62396240234375e-05,
24,30,,2.11000442504875e-05,
24,31,,0.0,
25,1,0.08755290508270264,0.0027075782418251038,0.08484532684087753
25,2,0.15272235870361328,0.0035793334245681763,0.1491430252790451
25,3,0.009459456801414499,0.0020178332924842834,0.007441623508930215
25,4,0.07599039673805236,0.01481439545750616,0.0611760012805462
25,5,0.027099108695983875,-0.0011754613369703293,0.028274570032954204
25,6,0.060402745008468615,0.0013930872082710266,0.05900965780019759
25,7,0.05910311341285703,-0.0015284074470400684,0.0606315208598971
25,8,0.046079212427139284,0.008328111842274683,0.0377511005848646
25,9,0.04584868252277373,-0.0010718889534473371,0.046920571476221064
25,10,0.02819834351539612,0.0035016406327486056,0.02469670288264751
25,11,0.015198999643325805,0.016292689368128777,-0.0010936897248029712
25,12,0.007569122314453125,-0.0013486053794622421,0.008917727693915366
25,13,0.03425760865211486,0.00043773092329502106,0.033819877728819836
25,14,0.0765592813491821,-0.0003787521272897595,0.07693803347647186
25,15,0.03485260009765624,-0.0009025242179632265,0.03575512431561947
25,16,0.041778665781021115,-0.0011624805629253192,0.04294114634394643
25,17,-0.017300647497177104,0.0033348426222801035,-0.020635490119457207
25,18,0.1216614782810211,0.2737786993384361,-0.15211722105741504
25,19,0.05763636231422424,-0.001478312537074089,0.05911467485129833
25,20,-0.07136577963829041,-0.0011335574090480804,-0.07023222222924233
25,21,0.008525294065475454,0.011493794620037079,-0.0029685005545616247
25,22,-5.53131103515625e-06,-0.0015737088397145193,0.0015681775286793631
25,23,-5.617737770080566e-06,-0.0015914831310510635,0.001585865393280983
25,24,0.0115386962890625,0.005484621971845627,0.006054074317216874
25,25,0.011273765563964843,0.005425531417131424,0.0058482341468334195
25,26,0.011279296875,-0.0015130788087844701,0.012792375683784472
25,27,0.0,0.0008728541433811188,-0.0008728541433811188
25,28,,-0.00018743611872195571,
25,29,,-5.246885120868526e-05,
25,30,,7.446855306625366e-06,
25,31,,0.0,
26,1,0.0012581944465637207,2.384185791015625e-06,0.001255810260772705
26,2,0.5003954172134399,1.1682510375967184e-05,0.500383734703064
26,3,0.01636633276939392,3.8146972656000024e-06,0.01636251807212832
26,4,0.03154218196868895,0.00027000904083250706,0.031272172927856445
26,5,0.008019655942916858,-2.241134643553125e-05,0.00804206728935239
26,6,0.044616132974624634,1.2874603271484375e-05,0.04460325837135315
26,7,0.11306738853454587,0.00023579597473142344,0.11283159255981445
26,8,0.02221962809562683,0.00023055076599120156,0.02198907732963563
26,9,-0.005258947610855115,0.00010848045349119844,-0.0053674280643463135
26,10,0.008848577737808228,6.854534149168672e-05,0.00878003239631654
26,11,0.0001742243766784668,0.00014925003051756875,2.497434616089805e-05
26,12,0.013712257146835327,-5.9843063354479685e-05,0.013772100210189807
26,13,0.001361101865768439,1.0967254638671875e-05,0.001350134611129767
26,14,0.004432559013366699,-1.1205673217754688e-05,0.004443764686584454
26,15,0.020749479532241807,4.8398971557604685e-05,0.020701080560684204
26,16,0.018852442502975464,1.0967254638671875e-05,0.018841475248336792
26,17,0.030742138624191298,-1.1682510375976562e-05,0.030753821134567275
26,18,0.07989919185638428,0.0007691383361816,0.07913005352020268
26,19,0.05017244815826416,-0.00011181831359862032,0.05028426647186278
26,20,-0.009587019681930523,-0.00012135505676269531,-0.009465664625167828
26,21,0.014645040035247803,0.00026631355285642656,0.014378726482391377
26,22,0.00015431642532348007,-6.4849853515625e-05,0.00021916627883910507
26,23,0.004853188991546625,-0.00016498565673825,0.005018174648284875
26,24,-0.0009769499301910526,1.9073486328125e-05,-0.0009960234165191776
26,25,0.0014533698558807373,-4.76837158203125e-07,0.0014538466930389404
26,26,0.0011930167675018248,3.075599670409844e-05,0.0011622607707977262
26,27,0.0,2.2411346435546875e-05,-2.2411346435546875e-05
26,28,,5.8650970458984375e-05,
26,29,,-3.7431716918939065e-05,
26,30,,-7.152557373046875e-07,
26,31,,0.0,
27,1,0.00958251953125,1.043081283569336e-06,0.00958147644996643
27,2,-0.3716461181640625,3.30805778503418e-06,-0.37164942622184755
27,3,-0.013275146484375,6.258487701416015e-07,-0.013275772333145142
27,4,0.03715782165527342,5.930662155151367e-06,0.03715189099311827
27,5,0.151025390625,2.0265579223632812e-06,0.15102336406707764
27,6,-0.079364013671875,1.1235475540161133e-05,-0.07937524914741516
27,7,0.18808403015136718,4.082918167114258e-06,0.18807994723320007
27,8,-0.084307861328125,5.692243576049805e-06,-0.08431355357170105
27,9,0.13353195190429687,1.4007091522216797e-06,0.13353055119514465
27,10,-0.02265052795410158,-7.748603820800781e-07,-0.0226497530937195
27,11,0.15566864013671874,1.0728836059570312e-06,0.1556675672531128
27,12,0.11121253967285157,-8.940696716308594e-07,0.1112134337425232
27,13,0.065625,1.2218952178955078e-06,0.06562377810478211
27,14,-0.07291946411132813,-1.043081283569336e-06,-0.07291842103004456
27,15,-0.05209426879882813,1.7881393432617188e-07,-0.052094447612762454
27,16,-0.025312042236328124,-5.960464477539062e-07,-0.02531144618988037
27,17,0.0333587646484375,-1.3113021850585938e-06,0.033360075950622556
27,18,0.19871368408203124,-8.642673492431641e-07,0.1987145483493805
27,19,0.04213790893554688,-2.86102294921875e-06,0.042140769958496097
27,20,-0.03011188507080078,-9.5367431640625e-07,-0.030110931396484374
27,21,0.0027339935302734203,2.682209014892578e-07,0.002733725309371931
27,22,-0.026609039306640624,1.0728836059570312e-06,-0.02661011219024658
27,23,0.001800537109375,-1.3709068298339844e-06,0.001801908016204834
27,24,0.01494140625,4.172325134277344e-07,0.014940989017486573
27,25,0.008907318115234375,2.9802322387695312e-08,0.008907288312911987
27,26,-0.009738922119140625,7.450580596923828e-07,-0.009739667177200317
27,27,0.0,-2.9802322387695312e-08,2.9802322387695312e-08
27,28,,-1.4901161193847656e-07,
27,29,,2.9802322387695312e-08,
27,30,,5.960464477539063e-08,
27,31,,0.0,
28,1,0.008558273315429675,5.870519089512527e-06,0.008552402796340163
28,2,0.560302734375,-8.668488590046763e-06,0.56031140286359
28,3,0.0422992706298828,-1.7575803212821484e-07,0.04229944638791493
28,4,0.1118927001953125,5.573651287703456e-05,0.11183696368243547
28,5,-0.02111053466796875,-9.36014112085104e-06,-0.0211011745268479
28,6,0.225128173828125,-1.1200987501069903e-05,0.22513937481562607
28,7,0.140350341796875,-7.77124660089612e-06,0.1403581130434759
28,8,0.0642547607421875,2.7037807740253124e-05,0.06422772293444724
28,9,-0.038860321044921875,8.014030754566193e-07,-0.03886112244799733
28,10,0.0289764404296875,2.1745217964053154e-06,0.028974265907891095
28,11,0.09163665771484375,0.00010181026300414772,0.0915348474518396
28,12,0.18854141235351562,-1.3035110896453263e-05,0.18855444746441208
28,13,0.1096973419189453,-4.886533133685589e-08,0.10969739078427664
28,14,0.22371006011962893,-1.204170985147357e-05,0.2237221018294804
28,15,0.11762428283691408,-5.676207365468144e-06,0.11762995904427954
28,16,0.056293487548828125,-1.2800417607650162e-05,0.056306287966435775
28,17,0.2803077697753906,3.40963015332818e-06,0.2803043601452373
28,18,0.7333984375,0.24435587972402573,0.4890425577759743
28,19,0.3433380126953125,-6.177389877848326e-06,0.34334419008519035
28,20,-0.07122230529785155,-1.288871862925589e-05,-0.07120941657922229
28,21,0.058881759643554674,0.00023051910102365525,0.05865124054253102
28,22,0.005870819091796875,-1.4929086319170892e-05,0.005885748178116046
28,23,0.006610870361328125,-1.4849967556074262e-05,0.006625720328884199
28,24,0.006526947021484375,8.084182627497228e-05,0.006446105195209403
28,25,0.007720947265625,0.00016448460519313812,0.007556462660431862
28,26,0.006526947021484375,-1.3739860150963068e-05,0.006540686881635338
28,27,0.0,3.811437636613846e-07,-3.811437636613846e-07
28,28,,5.587935447692872e-08,
28,29,,-4.94765117764473e-10,
28,30,,0.0,
28,31,,0.0,
29,1,0.00621461868286134,-9.409850463271141e-07,0.006215559667907667
29,2,0.5025100708007812,3.0442606657743454e-06,0.5025070265401155
29,3,-0.004772186279296875,5.53973950445652e-06,-0.0047777260188013315
29,4,0.06430494785308837,1.725554466247559e-05,0.06428769230842589
29,5,0.0014777183532714844,7.592607289552689e-06,0.0014701257459819317
29,6,0.059607505798339844,1.2104865163564682e-06,0.05960629531182349
29,7,0.29863643646240234,-2.021901309490204e-06,0.29863845836371183
29,8,0.05486690998077394,-2.2049061954021454e-07,0.05486713047139348
29,9,-0.015909194946289062,-1.4880206435918808e-06,-0.01590770692564547
29,10,0.06455981731414795,-9.449431672692299e-07,0.06456076225731522
29,11,0.013434648513793945,9.134458377956095e-05,0.013343303930014384
29,12,0.059920310974121094,-1.3587996363639832e-06,0.05992166977375746
29,13,0.04483771324157715,-1.2848759070038795e-06,0.04483899811748415
29,14,0.03551316261291504,-5.168840289115906e-08,0.03551321430131793
29,15,0.012749552726745599,-2.3492611944675446e-07,0.012749787652865045
29,16,-0.0036177635192871094,-9.48552042245865e-07,-0.0036168149672448635
29,17,0.05110228061676027,4.99701127409935e-06,0.05109728360548617
29,18,0.3132195472717285,0.0064845224842429005,0.3067350247874856
29,19,0.1501326560974121,-6.186310201883316e-07,0.1501332747284323
29,20,-0.02865493297576902,-1.0790536180138588e-06,-0.028653853922151005
29,21,0.025190830230712873,6.318790838122369e-06,0.02518451143987475
29,22,-0.0032458305358886593,-1.9846484065055847e-06,-0.0032438458874821537
29,23,0.0,-2.368469722568989e-06,2.368469722568989e-06
29,24,-0.0028433799743652344,1.2121163308620453e-06,-0.0028445920906960964
29,25,-5.245208740234375e-06,2.641463652253151e-06,-7.886672392487526e-06
29,26,0.0,-1.477194018661976e-06,1.477194018661976e-06
29,27,0.0,-3.725290298461914e-08,3.725290298461914e-08
29,28,,1.832377165555954e-07,
29,29,,4.097819328308106e-08,
29,30,,1.3969838619232178e-09,
29,31,,0.0,
30,1,0.01049041748046875,-0.016470074653625474,0.026960492134094224
30,2,0.293609619140625,0.0173323154449463,0.2762773036956787
30,3,0.006242871284484863,0.00333404541015625,0.0029088258743286133
30,4,0.007277488708496075,-0.04225921630859375,0.04953670501708982
30,5,0.0012704133987426632,-0.015399932861328125,0.016670346260070787
30,6,0.02478492259979248,-0.030864715576171875,0.055649638175964355
30,7,0.34337806701660156,-0.0104522705078125,0.35383033752441406
30,8,0.021453738212585435,0.05561065673828125,-0.034156918525695815
30,9,-0.008350968360900867,-0.017024993896484375,0.008674025535583508
30,10,0.022813916206359863,-0.026340484619140625,0.04915440082550049
30,11,0.012387394905090344,0.040555477142334,-0.028168082237243652
30,12,0.13519799709320068,-0.00884246826171875,0.14404046535491943
30,13,0.05998551845550537,-0.000668287277221675,0.060653805732727044
30,14,0.05112171173095702,-0.02175235748291015,0.07287406921386716
30,15,0.035224080085754395,-0.021947860717773424,0.05717194080352782
30,16,0.0011129379272460938,-0.013961791992187524,0.015074729919433618
30,17,0.07511937618255615,0.026943206787109375,0.04817616939544678
30,18,0.652984619140625,0.2613525390625,0.391632080078125
30,19,0.32821083068847656,-0.009700775146484375,0.33791160583496094
30,20,-0.010750651359558105,-0.030857086181640625,0.02010643482208252
30,21,0.06732773780822754,0.0791778564453125,-0.011850118637084961
30,22,-9.5367431640625e-05,-0.0560302734375,0.055934906005859375
30,23,0.0013866424560546875,-0.05130767822265625,0.05269432067871094
30,24,0.000621795654296875,0.0050973892211914,-0.004475593566894525
30,25,0.0019121170043945312,0.039989471435546875,-0.038077354431152344
30,26,0.0013399124145507812,-0.02536773681640625,0.02670764923095703
30,27,0.0,0.0081644058227539,-0.0081644058227539
30,28,,0.0,
30,29,,0.0014636516571045,
30,30,,0.0,
30,31,,0.0,
31,1,-0.002666950225830078,-3.4098047763109207e-07,-0.002666609245352447
31,2,0.528717041015625,-6.631307769566774e-07,0.528717704146402
31,3,0.01863861083984375,4.865578375756741e-07,0.018638124282006174
31,4,0.04728007316589355,7.0165260694921025e-06,0.047273056639824056
31,5,0.015277385711669922,2.5419285520911217e-06,0.01527484378311783
31,6,0.1783599853515625,3.5662087611854076e-06,0.17835641914280131
31,7,0.5959606170654297,1.7890124581754208e-06,0.5959588280529715
31,8,0.10390448570251465,4.217255627734105e-05,0.10386231314623731
31,9,-0.020972728729248047,6.09084963798523e-07,-0.020973337814211845
31,10,0.08707499504089355,8.403556421399117e-06,0.08706659148447216
31,11,0.012083292007446289,3.6197598092257977e-06,0.012079672247637063
31,12,0.20973944664001465,-1.7585407476872206e-06,0.20974120518076234
31,13,0.1069493293762207,-7.394410204142332e-07,0.10695006881724112
31,14,0.0859684944152832,-1.8774881027638912e-06,0.08597037190338597
31,15,0.05316162109375,1.8562423065304756e-07,0.05316143546951935
31,16,0.0031354427337646484,-1.690175849944353e-06,0.003137132909614593
31,17,0.05442023277282715,5.617621354758741e-07,0.05441967101069167
31,18,0.7352371215820312,0.33984796330332756,0.3953891582787037
31,19,0.4678459167480469,-1.4677061699330807e-06,0.4678473844542168
31,20,-0.037207841873168945,-1.7468410078436136e-06,-0.0372060950321611
31,21,0.2802734375,0.0001568184234201908,0.2801166190765798
31,22,-0.0067942142486572266,-2.086919266730547e-06,-0.006792127329390496
31,23,0.0,-2.060114638879895e-06,2.060114638879895e-06
31,24,-0.00261688232421875,3.322318661957979e-06,-0.002620204642880708
31,25,0.0,1.531786983832717e-05,-1.531786983832717e-05
31,26,0.0,-1.7116835806518793e-06,1.7116835806518793e-06
31,27,0.0,1.3856333680450916e-06,-1.3856333680450916e-06
31,28,,5.238689482212067e-10,
31,29,,6.05359673500061e-09,
31,30,,-1.341104507446289e-07,
31,31,,0.0,
