layer,0:<|im_start|>,1:system,"2:
",3:You,4: are,5: a,6: helpful,7: clinical,8: assistant,9:.,10:<|im_end|>,"11:
",12:<|im_start|>,13:user,"14:
",15:A,16: patient,17: presented,18: with,19: rhe,20:umat,21:oid,22: arthritis,23:.,24: A,25: patient,26: has,27: the,28: following,29: condition,30::,31: rhe,32:umat,33:oid,34: arthritis,"35:.
",36:Provide,37: information,38: about,39: its,40: demographic,41: and,42: past,43: medical,44: history,45:.,46: You,47: must,48: start,49: with,50: the,51: following,52::,"53: """,54:Gender,55::,"56: """,57:<|im_end|>,"58:
",59:<|im_start|>,60:assistant,"61:
",62:Gender,63::
L1,0.613630,0.066052,0.093433,0.880555,0.592921,0.542158,0.735013,0.420226,0.778041,0.799091,0.975479,0.870886,0.932675,0.978818,0.988571,0.996825,0.928293,0.974247,0.927095,0.888339,0.889250,0.920708,0.940940,0.945344,0.940329,0.941962,0.927434,0.950494,0.972649,0.982403,0.962852,0.955373,0.952151,0.959808,0.954421,0.973313,0.960659,0.980915,0.991809,0.997329,0.998311,0.992112,0.968989,0.972333,0.916181,0.879385,0.783637,0.718520,0.618560,0.557589,0.485951,0.474399,0.486215,0.392015,0.350696,0.254259,0.206243,0.175274,0.500118,0.334091,0.498329,0.006714,0.001297,-0.000469
L2,0.274826,0.308351,0.122056,0.848199,0.759681,0.689498,0.775496,0.443387,0.803261,0.926811,0.983997,0.877060,0.927546,0.981061,0.992188,0.996875,0.931113,0.983918,0.934832,0.943309,0.912551,0.930472,0.957140,0.961999,0.954693,0.952316,0.941584,0.958308,0.978155,0.980489,0.963861,0.963532,0.953819,0.964904,0.960231,0.964601,0.960486,0.980790,0.984904,0.998236,0.998463,0.989850,0.968274,0.973461,0.907610,0.874851,0.781250,0.713098,0.611777,0.553052,0.476827,0.468054,0.466641,0.379319,0.339124,0.244557,0.203992,0.176914,0.500313,0.334091,0.498405,0.004883,0.001343,-0.000469
L3,0.213924,0.266984,0.170530,0.921389,0.944711,0.872846,0.807683,0.627360,0.905704,0.952588,0.983846,0.901893,0.947105,0.982523,0.996472,0.979343,0.952578,0.986700,0.961554,0.964480,0.955604,0.963814,0.967755,0.987603,0.975680,0.980110,0.982901,0.996699,0.987161,0.996043,0.965435,0.967570,0.955947,0.970398,0.966726,0.961447,0.957304,0.985599,0.991073,0.997833,0.996799,0.985232,0.965388,0.972958,0.916492,0.879798,0.792142,0.722955,0.630099,0.566378,0.492730,0.478955,0.481922,0.396048,0.350597,0.283906,0.214797,0.186401,0.501976,0.337214,0.499793,0.012756,0.003769,-0.000469
L4,0.007253,0.050612,0.202703,0.971447,0.974332,0.938603,0.893652,0.772180,0.939032,0.956510,0.979372,0.925766,0.961123,0.981880,0.997631,0.987954,0.954765,0.985811,0.968936,0.971633,0.960763,0.971015,0.987752,0.995439,0.985024,0.987903,0.988987,0.997757,0.995237,0.997581,0.965786,0.964420,0.962887,0.969553,0.967003,0.958713,0.958081,0.983550,0.991338,0.996623,0.997707,0.993435,0.966809,0.968732,0.919356,0.884734,0.801153,0.731840,0.646496,0.579131,0.513363,0.486490,0.511088,0.415611,0.363775,0.316734,0.216443,0.188044,0.500889,0.338292,0.498680,0.012817,0.004211,-0.000469
L5,0.762614,0.264010,0.273183,0.918235,0.932375,0.892616,0.873079,0.771768,0.885080,0.930463,0.968148,0.899676,0.937984,0.958802,0.982800,0.970842,0.944194,0.969541,0.951907,0.958749,0.953497,0.966791,0.969580,0.989189,0.975940,0.976714,0.983342,0.997530,0.992566,0.996875,0.965668,0.967903,0.961193,0.967447,0.955106,0.952322,0.946407,0.978902,0.988407,0.993750,0.986983,0.982888,0.948688,0.943165,0.912993,0.880749,0.797750,0.732769,0.653389,0.577029,0.523482,0.493402,0.524279,0.435623,0.377059,0.340793,0.231183,0.187465,0.500458,0.339147,0.498405,0.027954,0.003082,-0.000469
L6,0.057206,0.004825,0.656756,0.959892,0.967887,0.958109,0.951977,0.919799,0.954008,0.975630,0.976626,0.932719,0.965414,0.976436,0.985018,0.981326,0.974307,0.995917,0.971891,0.981029,0.980702,0.996547,0.997732,0.995741,0.980236,0.984091,0.989768,0.996850,0.996421,0.997984,0.978648,0.978089,0.971078,0.971494,0.962646,0.955737,0.958397,0.979090,0.989904,0.992742,0.996043,0.975835,0.946847,0.931703,0.902833,0.881324,0.792520,0.729997,0.676338,0.580438,0.539582,0.519402,0.527900,0.464753,0.389882,0.397732,0.249919,0.240329,0.499390,0.374100,0.498276,0.141602,0.003265,-0.000469
L7,0.033903,0.077452,0.896204,0.989491,0.988836,0.985711,0.977249,0.952817,0.978402,0.991885,0.987676,0.952901,0.983153,0.987248,0.992515,0.989869,0.987878,0.998740,0.981573,0.995691,0.994657,0.999370,0.995237,0.996421,0.982696,0.987739,0.995514,0.997732,0.998085,0.998765,0.991444,0.993095,0.996497,0.990083,0.987399,0.966455,0.965759,0.977400,0.991526,0.992742,0.996169,0.975343,0.954956,0.931419,0.902624,0.882480,0.797483,0.748002,0.707831,0.592316,0.554920,0.532719,0.532580,0.476818,0.400097,0.409611,0.257932,0.243334,0.498676,0.388260,0.496498,0.181641,0.004791,-0.000469
L8,0.105745,0.026965,0.779033,0.995968,0.993876,0.991431,0.985370,0.958928,0.980620,0.996799,0.992339,0.962698,0.985358,0.989138,0.993876,0.988773,0.990348,0.999093,0.990297,0.998513,0.995867,0.999647,0.998160,0.996623,0.981867,0.987198,0.992742,0.997429,0.997278,0.998564,0.999168,0.997631,0.995691,0.995539,0.991154,0.971462,0.968803,0.972805,0.990143,0.991658,0.995691,0.972313,0.956809,0.932583,0.909209,0.885542,0.810440,0.767063,0.730233,0.613779,0.585266,0.557069,0.538244,0.491302,0.407222,0.422550,0.264790,0.255648,0.498737,0.442947,0.496452,0.255859,0.005585,-0.000469
L9,0.177352,0.000217,0.801336,0.999420,0.996472,0.995615,0.987815,0.957103,0.978974,0.994960,0.992666,0.975674,0.989277,0.991860,0.992843,0.988117,0.991255,0.998992,0.990071,0.998311,0.997631,0.999672,0.997933,0.997228,0.983783,0.989126,0.988187,0.995842,0.996144,0.997757,0.999194,0.998765,0.992603,0.992994,0.985597,0.969777,0.968163,0.973259,0.988981,0.988911,0.994052,0.970880,0.955933,0.931707,0.910021,0.884073,0.808751,0.763717,0.728590,0.610320,0.585028,0.558365,0.537660,0.496697,0.406009,0.419160,0.264554,0.249700,0.498608,0.417557,0.496452,0.304688,0.005096,-0.000469
L10,0.553157,0.030398,0.795699,0.999244,0.997152,0.996069,0.991822,0.946069,0.981316,0.993901,0.992540,0.984161,0.991230,0.992364,0.992868,0.986719,0.992868,0.998614,0.989302,0.998211,0.996547,0.999269,0.997404,0.993170,0.987739,0.991860,0.992792,0.991028,0.990096,0.996245,0.998236,0.999168,0.991860,0.989327,0.984211,0.972324,0.974902,0.975946,0.989567,0.991331,0.994279,0.972039,0.959844,0.932950,0.916620,0.887576,0.814620,0.771165,0.738756,0.623880,0.605697,0.578120,0.539055,0.519581,0.416637,0.429655,0.273557,0.263442,0.498894,0.532140,0.494713,0.408203,0.009399,-0.000469
L11,0.736324,0.104832,0.884652,0.996900,0.995086,0.992616,0.990776,0.970018,0.982746,0.990499,0.990549,0.984866,0.989441,0.990348,0.989869,0.986139,0.989037,0.994657,0.987639,0.998816,0.996799,0.999017,0.995917,0.990852,0.986744,0.995237,0.991608,0.985597,0.978673,0.992339,0.997807,0.995842,0.989390,0.989869,0.985131,0.972269,0.971090,0.974616,0.988130,0.989869,0.994279,0.975926,0.964067,0.941079,0.932631,0.900877,0.858370,0.805566,0.771411,0.673164,0.655243,0.623533,0.573788,0.620209,0.455641,0.473459,0.342305,0.275417,0.507622,0.628494,0.499115,0.445312,0.015015,-0.000469
L12,0.813469,0.160269,0.927565,0.991759,0.988483,0.985528,0.984646,0.970614,0.978101,0.984558,0.984432,0.977673,0.981987,0.983405,0.982378,0.977936,0.980626,0.989995,0.978204,0.991935,0.986057,0.994103,0.986586,0.981094,0.979628,0.988697,0.985774,0.976241,0.972308,0.987550,0.994002,0.994657,0.988149,0.984851,0.981155,0.969640,0.972533,0.973256,0.984110,0.983046,0.989189,0.972858,0.961598,0.940736,0.931672,0.898798,0.871593,0.817647,0.787370,0.703714,0.666676,0.643893,0.590421,0.672122,0.519427,0.518233,0.468255,0.285915,0.548332,0.477453,0.508118,0.355469,0.051758,-0.000467
L13,0.860159,0.733154,0.924338,0.986114,0.984967,0.983518,0.982063,0.977035,0.980368,0.983695,0.985043,0.982283,0.983228,0.982428,0.981225,0.981048,0.981779,0.986391,0.976523,0.989617,0.983846,0.987966,0.965171,0.974729,0.974320,0.982441,0.976103,0.967605,0.974471,0.985100,0.981250,0.989491,0.982863,0.978572,0.974017,0.967890,0.969373,0.963061,0.976307,0.974644,0.971302,0.969263,0.956767,0.944142,0.938052,0.907850,0.888307,0.851689,0.834668,0.790990,0.719990,0.744175,0.650586,0.730349,0.621424,0.594447,0.656453,0.349196,0.622063,0.542557,0.584961,0.376953,0.253906,-0.000467
L14,0.938774,0.860806,0.931341,0.975054,0.974756,0.974281,0.974247,0.966932,0.971023,0.975159,0.977180,0.974943,0.975491,0.974951,0.974003,0.971440,0.972858,0.975641,0.970289,0.978944,0.976018,0.976481,0.960172,0.966061,0.968448,0.976003,0.971922,0.955497,0.969318,0.981181,0.971321,0.980040,0.974332,0.973334,0.968128,0.963733,0.963885,0.956979,0.972303,0.964163,0.959323,0.957312,0.952485,0.938376,0.937908,0.901800,0.877797,0.844912,0.823107,0.787995,0.722873,0.738882,0.646093,0.727298,0.618810,0.590371,0.642781,0.335134,0.630852,0.554276,0.648438,0.398438,0.279297,-0.000465
L15,0.968549,0.956098,0.946325,0.976169,0.974209,0.974444,0.973122,0.973753,0.973943,0.975841,0.975854,0.975394,0.975290,0.974195,0.974642,0.973411,0.973782,0.973893,0.971165,0.979555,0.977526,0.975605,0.969689,0.967399,0.969290,0.974646,0.971349,0.960074,0.972006,0.981403,0.971680,0.974880,0.968969,0.970241,0.967161,0.962107,0.962181,0.953773,0.951844,0.922565,0.931845,0.908000,0.927053,0.910105,0.925272,0.917160,0.898036,0.862218,0.851786,0.829996,0.744024,0.802530,0.677055,0.741092,0.644488,0.595806,0.686865,0.356618,0.646477,0.636307,0.703125,0.466797,0.462891,-0.000469
L16,0.969751,0.967343,0.962620,0.972587,0.971842,0.971590,0.971044,0.971052,0.971850,0.973160,0.973116,0.972496,0.972683,0.971801,0.972532,0.971142,0.971128,0.972303,0.973288,0.977019,0.975384,0.974340,0.967756,0.965702,0.967195,0.973140,0.969051,0.958796,0.969333,0.978683,0.968057,0.969575,0.967449,0.967007,0.965445,0.962402,0.960816,0.954178,0.953895,0.930992,0.937688,0.923700,0.930256,0.913508,0.928752,0.915858,0.898413,0.859844,0.852039,0.827119,0.739738,0.801633,0.674109,0.734478,0.643339,0.597164,0.689935,0.357790,0.645500,0.636307,0.730469,0.470703,0.562500,-0.000469
L17,0.924924,0.923933,0.950951,0.971607,0.970468,0.970850,0.969696,0.969408,0.970011,0.971573,0.971083,0.971930,0.971675,0.970475,0.971121,0.969678,0.970308,0.971366,0.971595,0.976032,0.974307,0.973156,0.968605,0.967433,0.967818,0.971768,0.968374,0.959429,0.970492,0.978217,0.971500,0.970672,0.966665,0.967353,0.966216,0.961436,0.962750,0.954853,0.956561,0.933608,0.939459,0.930051,0.936098,0.914677,0.934318,0.921996,0.899083,0.860996,0.850252,0.827642,0.739542,0.794163,0.674413,0.733945,0.643684,0.598014,0.693841,0.357399,0.643547,0.621984,0.697266,0.460938,0.613281,-0.000469
L18,0.925971,0.918424,0.949015,0.971777,0.971039,0.971292,0.970555,0.969522,0.970599,0.972237,0.971705,0.971425,0.971336,0.970572,0.969760,0.968344,0.968723,0.969380,0.970270,0.974192,0.973025,0.971754,0.968611,0.966209,0.966090,0.969567,0.967185,0.959566,0.967914,0.974490,0.968629,0.967477,0.964641,0.965282,0.963125,0.960317,0.960383,0.957790,0.958947,0.949232,0.953693,0.955982,0.954970,0.943370,0.943983,0.931530,0.903930,0.869063,0.850736,0.828531,0.741876,0.802240,0.682370,0.742423,0.651151,0.597844,0.692725,0.357399,0.653313,0.627192,0.750000,0.476562,0.753906,-0.000469
L19,0.909170,0.908739,0.947940,0.947995,0.947347,0.947355,0.947242,0.946706,0.947389,0.950634,0.949468,0.950488,0.949728,0.945181,0.946440,0.946200,0.948575,0.948627,0.949978,0.955167,0.955290,0.954800,0.953050,0.946993,0.946651,0.945245,0.944142,0.939420,0.944747,0.949075,0.942392,0.941013,0.939266,0.941078,0.939411,0.937906,0.938034,0.935276,0.936533,0.932184,0.937335,0.935857,0.933747,0.925740,0.921587,0.909563,0.883022,0.852461,0.839140,0.814668,0.726235,0.786720,0.668474,0.726887,0.636273,0.591220,0.676263,0.343337,0.613274,0.592036,0.730469,0.449219,0.722656,-0.000469
L20,0.433615,0.396525,0.707095,0.556658,0.546166,0.549047,0.553588,0.552144,0.542598,0.586305,0.581252,0.564832,0.583255,0.515349,0.555048,0.555593,0.573509,0.571807,0.588000,0.614155,0.597340,0.604386,0.595715,0.578969,0.577497,0.570749,0.548548,0.532401,0.535644,0.530916,0.522672,0.515236,0.512403,0.518610,0.521961,0.524770,0.523819,0.528776,0.529846,0.541066,0.551521,0.556444,0.565243,0.567427,0.569990,0.572673,0.572647,0.540982,0.512475,0.474448,0.373464,0.410730,0.311377,0.413570,0.275453,0.268148,0.211288,-0.002415,0.041252,0.039627,0.049316,0.021973,0.033203,-0.000469
L21,0.635294,0.640281,0.789564,0.675538,0.679884,0.679592,0.672730,0.669341,0.669261,0.669428,0.664366,0.665280,0.662242,0.660964,0.657041,0.657680,0.663624,0.654785,0.656841,0.678384,0.673343,0.674665,0.660091,0.654305,0.643244,0.631049,0.615318,0.608925,0.606856,0.609069,0.602350,0.600173,0.594170,0.595419,0.594418,0.596407,0.592893,0.589054,0.592796,0.592570,0.604299,0.609714,0.618621,0.626332,0.629400,0.624276,0.613325,0.593701,0.575063,0.545717,0.442732,0.468283,0.348860,0.435052,0.304049,0.289616,0.231979,-0.009642,0.017082,0.013484,0.016113,0.007629,0.012573,-0.000469
L22,0.017303,0.017361,0.039601,0.017142,0.017662,0.018151,0.015505,0.015186,0.014528,0.013526,0.012315,0.012318,0.011364,0.011140,0.010158,0.010143,0.010667,0.008925,0.008179,0.009555,0.011943,0.006999,0.007329,0.005323,0.005724,0.004767,0.002449,0.000784,-0.000393,0.002408,0.003614,0.001463,-0.000584,-0.000386,-0.000656,-0.000958,-0.004469,-0.006323,-0.005373,-0.004309,-0.003609,-0.003669,-0.005240,-0.007044,-0.008882,-0.010771,-0.015106,-0.004071,-0.007285,-0.011604,-0.018053,-0.004218,-0.008740,0.003118,-0.000756,0.003725,0.004564,-0.027707,0.002129,0.002051,0.003134,-0.001825,0.000256,-0.000469
L23,0.007552,0.008856,0.015751,0.011468,0.012129,0.011612,0.009906,0.009518,0.008735,0.009010,0.007246,0.007280,0.006786,0.006081,0.005896,0.005474,0.005349,0.004695,0.003891,0.004594,0.006279,0.002961,0.002885,0.002774,0.002987,0.001373,0.000087,-0.002787,-0.004351,-0.000494,-0.000399,-0.001309,-0.002259,-0.002957,-0.003564,-0.004485,-0.006819,-0.008950,-0.007686,-0.007825,-0.006000,-0.007072,-0.006452,-0.009631,-0.010842,-0.012095,-0.016745,-0.006253,-0.008124,-0.012135,-0.019036,-0.005201,-0.010125,0.000973,-0.002031,0.001091,0.001422,-0.028094,0.000808,0.000844,0.001242,-0.001909,0.000072,-0.000469
L24,-0.004045,-0.004379,-0.014976,0.000553,-0.000109,-0.000063,-0.001398,-0.001337,-0.001482,-0.002270,-0.002652,-0.003100,-0.003619,-0.004210,-0.005460,-0.005504,-0.005001,-0.005514,-0.006170,-0.005409,-0.002613,-0.006469,-0.007336,-0.007315,-0.008696,-0.009057,-0.008313,-0.009542,-0.011773,-0.008867,-0.009480,-0.009937,-0.010713,-0.011778,-0.012250,-0.012094,-0.013549,-0.015014,-0.014616,-0.012282,-0.012050,-0.011573,-0.012420,-0.014572,-0.015683,-0.016249,-0.021867,-0.010660,-0.012519,-0.016072,-0.020231,-0.006774,-0.011015,-0.000023,-0.003093,-0.000651,-0.002892,-0.028079,0.000646,0.000470,0.000891,-0.001945,-0.000048,-0.000469
L25,0.000980,0.001995,-0.012646,0.006503,0.006835,0.007639,0.006587,0.006136,0.006531,0.006014,0.006387,0.006696,0.005952,0.005889,0.005175,0.005644,0.005748,0.006051,0.005567,0.006386,0.008136,0.005537,0.005247,0.005654,0.004960,0.005332,0.004979,0.005931,0.004136,0.005793,0.004781,0.003450,0.004411,0.003522,0.004322,0.005033,0.003818,0.003431,0.001795,0.003241,0.003026,0.003282,0.002129,0.002437,0.001263,0.001360,-0.014224,-0.002531,-0.003938,-0.005075,-0.016546,-0.001363,-0.010590,0.000853,-0.003063,0.001548,-0.000454,-0.028249,0.000488,0.000078,0.000696,-0.001938,0.000072,-0.000469
L26,0.007464,0.007495,0.018179,0.007115,0.007312,0.008632,0.007641,0.007081,0.006925,0.007002,0.007176,0.007448,0.007113,0.007124,0.006902,0.006661,0.006969,0.006689,0.007159,0.006902,0.007266,0.006704,0.006651,0.006127,0.006152,0.006100,0.005370,0.006708,0.006167,0.006929,0.006138,0.005885,0.005751,0.004891,0.005729,0.005142,0.005167,0.004235,0.005574,0.005016,0.005412,0.004582,0.004938,0.005350,0.003881,0.004287,-0.010839,0.000862,-0.000016,-0.001936,-0.014686,0.000108,-0.009500,0.002135,-0.001795,0.002172,0.002744,-0.028276,0.000609,0.000159,0.001083,-0.001877,0.000080,-0.000469
L27,0.000000,0.000000,0.000000,0.000000,0.000000,0.000000,0.000000,0.000000,0.000000,0.000000,0.000000,0.000000,0.000000,0.000000,0.000000,0.000000,0.000000,0.000000,0.000000,0.000000,0.000000,0.000000,0.000000,0.000000,0.000000,0.000000,0.000000,0.000000,0.000000,0.000000,0.000000,0.000000,0.000000,0.000000,0.000000,0.000000,0.000000,0.000000,0.000000,0.000000,0.000000,0.000000,0.000000,0.000000,-0.000555,-0.000423,-0.013979,-0.001687,-0.001873,-0.004267,-0.016142,-0.000838,-0.011181,-0.000119,-0.003720,-0.000322,-0.001193,-0.028538,-0.000008,-0.000412,0.000000,-0.001953,0.000000,-0.000469
